Entity,Code,Year,Historical Index of Human Development (Prados de la Escosura)
Afghanistan,AFG,1950,0.04
Afghanistan,AFG,1955,0.05
Afghanistan,AFG,1960,0.06
Afghanistan,AFG,1965,0.07
Afghanistan,AFG,1970,0.09
Afghanistan,AFG,1975,0.09
Afghanistan,AFG,1980,0.11
Afghanistan,AFG,1985,0.11
Afghanistan,AFG,1990,0.11
Afghanistan,AFG,1995,0.12
Afghanistan,AFG,2000,0.12
Afghanistan,AFG,2005,0.16
Afghanistan,AFG,2007,0.16
Afghanistan,AFG,2010,0.18
Afghanistan,AFG,2015,0.25
Albania,ALB,1913,0.07
Albania,ALB,1925,0.08
Albania,ALB,1929,0.08
Albania,ALB,1933,0.09
Albania,ALB,1938,0.12
Albania,ALB,1950,0.23
Albania,ALB,1955,0.24
Albania,ALB,1960,0.27
Albania,ALB,1965,0.3
Albania,ALB,1970,0.34
Albania,ALB,1975,0.37
Albania,ALB,1980,0.37
Albania,ALB,1985,0.38
Albania,ALB,1990,0.39
Albania,ALB,1995,0.38
Albania,ALB,2000,0.42
Albania,ALB,2005,0.46
Albania,ALB,2007,0.51
Albania,ALB,2010,0.53
Albania,ALB,2015,0.59
Algeria,DZA,1870,0.05
Algeria,DZA,1880,0.05
Algeria,DZA,1890,0.05
Algeria,DZA,1900,0.06
Algeria,DZA,1913,0.08
Algeria,DZA,1925,0.08
Algeria,DZA,1929,0.08
Algeria,DZA,1933,0.08
Algeria,DZA,1938,0.08
Algeria,DZA,1950,0.11
Algeria,DZA,1955,0.13
Algeria,DZA,1960,0.15
Algeria,DZA,1965,0.17
Algeria,DZA,1970,0.19
Algeria,DZA,1975,0.22
Algeria,DZA,1980,0.25
Algeria,DZA,1985,0.29
Algeria,DZA,1990,0.31
Algeria,DZA,1995,0.33
Algeria,DZA,2000,0.35
Algeria,DZA,2005,0.39
Algeria,DZA,2007,0.4
Algeria,DZA,2010,0.41
Algeria,DZA,2015,0.45
Angola,AGO,1870,0.03
Angola,AGO,1880,0.03
Angola,AGO,1890,0.03
Angola,AGO,1900,0.03
Angola,AGO,1913,0.03
Angola,AGO,1925,0.03
Angola,AGO,1929,0.03
Angola,AGO,1933,0.03
Angola,AGO,1938,0.03
Angola,AGO,1950,0.04
Angola,AGO,1955,0.06
Angola,AGO,1960,0.06
Angola,AGO,1965,0.08
Angola,AGO,1970,0.1
Angola,AGO,1975,0.11
Angola,AGO,1980,0.15
Angola,AGO,1985,0.15
Angola,AGO,1990,0.15
Angola,AGO,1995,0.15
Angola,AGO,2000,0.17
Angola,AGO,2005,0.22
Angola,AGO,2007,0.24
Angola,AGO,2010,0.24
Angola,AGO,2015,0.27
Argentina,ARG,1870,0.09
Argentina,ARG,1880,0.1
Argentina,ARG,1890,0.14
Argentina,ARG,1900,0.16
Argentina,ARG,1913,0.21
Argentina,ARG,1925,0.24
Argentina,ARG,1929,0.25
Argentina,ARG,1933,0.26
Argentina,ARG,1938,0.28
Argentina,ARG,1950,0.34
Argentina,ARG,1955,0.36
Argentina,ARG,1960,0.38
Argentina,ARG,1965,0.39
Argentina,ARG,1970,0.42
Argentina,ARG,1975,0.44
Argentina,ARG,1980,0.46
Argentina,ARG,1985,0.48
Argentina,ARG,1990,0.5
Argentina,ARG,1995,0.52
Argentina,ARG,2000,0.56
Argentina,ARG,2005,0.61
Argentina,ARG,2007,0.63
Argentina,ARG,2010,0.65
Argentina,ARG,2015,0.7
Armenia,ARM,1980,0.45
Armenia,ARM,1985,0.47
Armenia,ARM,1990,0.47
Armenia,ARM,1995,0.46
Armenia,ARM,2000,0.51
Armenia,ARM,2005,0.54
Armenia,ARM,2007,0.56
Armenia,ARM,2010,0.57
Armenia,ARM,2015,0.58
Australia,AUS,1870,0.23
Australia,AUS,1880,0.27
Australia,AUS,1890,0.28
Australia,AUS,1900,0.31
Australia,AUS,1913,0.36
Australia,AUS,1925,0.39
Australia,AUS,1929,0.4
Australia,AUS,1933,0.4
Australia,AUS,1938,0.42
Australia,AUS,1950,0.47
Australia,AUS,1955,0.5
Australia,AUS,1960,0.51
Australia,AUS,1965,0.52
Australia,AUS,1970,0.54
Australia,AUS,1975,0.56
Australia,AUS,1980,0.57
Australia,AUS,1985,0.59
Australia,AUS,1990,0.62
Australia,AUS,1995,0.77
Australia,AUS,2000,0.81
Australia,AUS,2005,0.84
Australia,AUS,2007,0.85
Australia,AUS,2010,0.87
Australia,AUS,2015,0.89
Austria,AUT,1870,0.15
Austria,AUT,1880,0.18
Austria,AUT,1890,0.21
Austria,AUT,1900,0.24
Austria,AUT,1913,0.27
Austria,AUT,1925,0.31
Austria,AUT,1929,0.34
Austria,AUT,1933,0.35
Austria,AUT,1938,0.37
Austria,AUT,1950,0.42
Austria,AUT,1955,0.44
Austria,AUT,1960,0.46
Austria,AUT,1965,0.48
Austria,AUT,1970,0.52
Austria,AUT,1975,0.54
Austria,AUT,1980,0.56
Austria,AUT,1985,0.56
Austria,AUT,1990,0.6
Austria,AUT,1995,0.64
Austria,AUT,2000,0.69
Austria,AUT,2005,0.71
Austria,AUT,2007,0.72
Austria,AUT,2010,0.74
Austria,AUT,2015,0.79
Azerbaijan,AZE,1990,0.46
Azerbaijan,AZE,1995,0.41
Azerbaijan,AZE,2000,0.42
Azerbaijan,AZE,2005,0.47
Azerbaijan,AZE,2007,0.5
Azerbaijan,AZE,2010,0.52
Azerbaijan,AZE,2015,0.52
Bahamas,BHS,1950,0.34
Bahamas,BHS,1955,0.35
Bahamas,BHS,1960,0.37
Bahamas,BHS,1965,0.41
Bahamas,BHS,1970,0.43
Bahamas,BHS,1975,0.43
Bahamas,BHS,1980,0.48
Bahamas,BHS,1985,0.48
Bahamas,BHS,1990,0.5
Bahamas,BHS,1995,0.48
Bahamas,BHS,2000,0.49
Bahamas,BHS,2005,0.52
Bahamas,BHS,2007,0.53
Bahamas,BHS,2010,0.57
Bahamas,BHS,2015,0.58
Bahrain,BHR,1950,0.15
Bahrain,BHR,1955,0.19
Bahrain,BHR,1960,0.25
Bahrain,BHR,1965,0.29
Bahrain,BHR,1970,0.3
Bahrain,BHR,1975,0.33
Bahrain,BHR,1980,0.36
Bahrain,BHR,1985,0.39
Bahrain,BHR,1990,0.43
Bahrain,BHR,1995,0.46
Bahrain,BHR,2000,0.48
Bahrain,BHR,2005,0.51
Bahrain,BHR,2007,0.53
Bahrain,BHR,2010,0.55
Bahrain,BHR,2015,0.57
Bangladesh,BGD,1950,0.09
Bangladesh,BGD,1955,0.1
Bangladesh,BGD,1960,0.1
Bangladesh,BGD,1965,0.12
Bangladesh,BGD,1970,0.13
Bangladesh,BGD,1975,0.14
Bangladesh,BGD,1980,0.15
Bangladesh,BGD,1985,0.15
Bangladesh,BGD,1990,0.17
Bangladesh,BGD,1995,0.19
Bangladesh,BGD,2000,0.23
Bangladesh,BGD,2005,0.24
Bangladesh,BGD,2007,0.27
Bangladesh,BGD,2010,0.29
Bangladesh,BGD,2015,0.33
Barbados,BRB,1950,0.31
Barbados,BRB,1955,0.35
Barbados,BRB,1960,0.4
Barbados,BRB,1965,0.44
Barbados,BRB,1970,0.47
Barbados,BRB,1975,0.48
Barbados,BRB,1980,0.51
Barbados,BRB,1985,0.53
Barbados,BRB,1990,0.55
Barbados,BRB,1995,0.56
Barbados,BRB,2000,0.61
Barbados,BRB,2005,0.62
Barbados,BRB,2007,0.67
Barbados,BRB,2010,0.7
Barbados,BRB,2015,0.66
Belarus,BLR,1980,0.51
Belarus,BLR,1985,0.52
Belarus,BLR,1990,0.51
Belarus,BLR,1995,0.55
Belarus,BLR,2000,0.6
Belarus,BLR,2005,0.63
Belarus,BLR,2007,0.58
Belarus,BLR,2010,0.6
Belarus,BLR,2015,0.67
Belgium,BEL,1870,0.2
Belgium,BEL,1880,0.22
Belgium,BEL,1890,0.23
Belgium,BEL,1900,0.25
Belgium,BEL,1913,0.28
Belgium,BEL,1925,0.31
Belgium,BEL,1929,0.33
Belgium,BEL,1933,0.34
Belgium,BEL,1938,0.36
Belgium,BEL,1950,0.39
Belgium,BEL,1955,0.43
Belgium,BEL,1960,0.48
Belgium,BEL,1965,0.49
Belgium,BEL,1970,0.55
Belgium,BEL,1975,0.56
Belgium,BEL,1980,0.57
Belgium,BEL,1985,0.6
Belgium,BEL,1990,0.62
Belgium,BEL,1995,0.63
Belgium,BEL,2000,0.65
Belgium,BEL,2005,0.79
Belgium,BEL,2007,0.74
Belgium,BEL,2010,0.79
Belgium,BEL,2015,0.84
Belize,BLZ,1950,0.27
Belize,BLZ,1955,0.27
Belize,BLZ,1960,0.28
Belize,BLZ,1965,0.29
Belize,BLZ,1970,0.3
Belize,BLZ,1975,0.33
Belize,BLZ,1980,0.39
Belize,BLZ,1985,0.4
Belize,BLZ,1990,0.43
Belize,BLZ,1995,0.46
Belize,BLZ,2000,0.48
Belize,BLZ,2005,0.51
Belize,BLZ,2007,0.46
Belize,BLZ,2010,0.49
Belize,BLZ,2015,0.43
Benin,BEN,1870,0.02
Benin,BEN,1880,0.02
Benin,BEN,1890,0.02
Benin,BEN,1900,0.03
Benin,BEN,1913,0.03
Benin,BEN,1925,0.04
Benin,BEN,1929,0.04
Benin,BEN,1933,0.04
Benin,BEN,1938,0.05
Benin,BEN,1950,0.06
Benin,BEN,1955,0.07
Benin,BEN,1960,0.09
Benin,BEN,1965,0.1
Benin,BEN,1970,0.11
Benin,BEN,1975,0.12
Benin,BEN,1980,0.15
Benin,BEN,1985,0.16
Benin,BEN,1990,0.17
Benin,BEN,1995,0.19
Benin,BEN,2000,0.21
Benin,BEN,2005,0.24
Benin,BEN,2007,0.22
Benin,BEN,2010,0.25
Benin,BEN,2015,0.26
Bolivia,BOL,1870,0.04
Bolivia,BOL,1880,0.04
Bolivia,BOL,1890,0.05
Bolivia,BOL,1900,0.06
Bolivia,BOL,1913,0.08
Bolivia,BOL,1925,0.1
Bolivia,BOL,1929,0.1
Bolivia,BOL,1933,0.1
Bolivia,BOL,1938,0.11
Bolivia,BOL,1950,0.14
Bolivia,BOL,1955,0.15
Bolivia,BOL,1960,0.15
Bolivia,BOL,1965,0.19
Bolivia,BOL,1970,0.21
Bolivia,BOL,1975,0.23
Bolivia,BOL,1980,0.27
Bolivia,BOL,1985,0.29
Bolivia,BOL,1990,0.31
Bolivia,BOL,1995,0.34
Bolivia,BOL,2000,0.37
Bolivia,BOL,2005,0.41
Bolivia,BOL,2007,0.41
Bolivia,BOL,2010,0.43
Bolivia,BOL,2015,0.47
Botswana,BWA,1870,0.02
Botswana,BWA,1880,0.02
Botswana,BWA,1890,0.03
Botswana,BWA,1900,0.04
Botswana,BWA,1913,0.04
Botswana,BWA,1925,0.05
Botswana,BWA,1929,0.05
Botswana,BWA,1933,0.06
Botswana,BWA,1938,0.07
Botswana,BWA,1950,0.1
Botswana,BWA,1955,0.11
Botswana,BWA,1960,0.12
Botswana,BWA,1965,0.15
Botswana,BWA,1970,0.17
Botswana,BWA,1975,0.21
Botswana,BWA,1980,0.26
Botswana,BWA,1985,0.29
Botswana,BWA,1990,0.32
Botswana,BWA,1995,0.32
Botswana,BWA,2000,0.3
Botswana,BWA,2005,0.31
Botswana,BWA,2007,0.33
Botswana,BWA,2010,0.35
Botswana,BWA,2015,0.4
Brazil,BRA,1870,0.05
Brazil,BRA,1880,0.06
Brazil,BRA,1890,0.07
Brazil,BRA,1900,0.08
Brazil,BRA,1913,0.09
Brazil,BRA,1925,0.1
Brazil,BRA,1929,0.11
Brazil,BRA,1933,0.12
Brazil,BRA,1938,0.13
Brazil,BRA,1950,0.19
Brazil,BRA,1955,0.21
Brazil,BRA,1960,0.23
Brazil,BRA,1965,0.25
Brazil,BRA,1970,0.27
Brazil,BRA,1975,0.32
Brazil,BRA,1980,0.34
Brazil,BRA,1985,0.36
Brazil,BRA,1990,0.38
Brazil,BRA,1995,0.42
Brazil,BRA,2000,0.48
Brazil,BRA,2005,0.49
Brazil,BRA,2007,0.49
Brazil,BRA,2010,0.51
Brazil,BRA,2015,0.54
Brunei,BRN,1990,0.45
Brunei,BRN,1995,0.48
Brunei,BRN,2000,0.5
Brunei,BRN,2005,0.52
Brunei,BRN,2007,0.54
Brunei,BRN,2010,0.55
Brunei,BRN,2015,0.58
Bulgaria,BGR,1870,0.09
Bulgaria,BGR,1880,0.1
Bulgaria,BGR,1890,0.11
Bulgaria,BGR,1900,0.13
Bulgaria,BGR,1913,0.17
Bulgaria,BGR,1925,0.18
Bulgaria,BGR,1929,0.2
Bulgaria,BGR,1933,0.23
Bulgaria,BGR,1938,0.26
Bulgaria,BGR,1950,0.3
Bulgaria,BGR,1955,0.34
Bulgaria,BGR,1960,0.38
Bulgaria,BGR,1965,0.42
Bulgaria,BGR,1970,0.45
Bulgaria,BGR,1975,0.46
Bulgaria,BGR,1980,0.47
Bulgaria,BGR,1985,0.48
Bulgaria,BGR,1990,0.5
Bulgaria,BGR,1995,0.49
Bulgaria,BGR,2000,0.51
Bulgaria,BGR,2005,0.53
Bulgaria,BGR,2007,0.54
Bulgaria,BGR,2010,0.55
Bulgaria,BGR,2015,0.59
Burkina Faso,BFA,1870,0.02
Burkina Faso,BFA,1880,0.02
Burkina Faso,BFA,1890,0.02
Burkina Faso,BFA,1900,0.02
Burkina Faso,BFA,1913,0.03
Burkina Faso,BFA,1925,0.03
Burkina Faso,BFA,1929,0.03
Burkina Faso,BFA,1933,0.03
Burkina Faso,BFA,1938,0.03
Burkina Faso,BFA,1950,0.04
Burkina Faso,BFA,1955,0.05
Burkina Faso,BFA,1960,0.06
Burkina Faso,BFA,1965,0.07
Burkina Faso,BFA,1970,0.08
Burkina Faso,BFA,1975,0.08
Burkina Faso,BFA,1980,0.09
Burkina Faso,BFA,1985,0.1
Burkina Faso,BFA,1990,0.12
Burkina Faso,BFA,1995,0.13
Burkina Faso,BFA,2000,0.15
Burkina Faso,BFA,2005,0.16
Burkina Faso,BFA,2007,0.17
Burkina Faso,BFA,2010,0.19
Burkina Faso,BFA,2015,0.22
Burundi,BDI,1870,0.02
Burundi,BDI,1880,0.02
Burundi,BDI,1890,0.02
Burundi,BDI,1900,0.02
Burundi,BDI,1913,0.03
Burundi,BDI,1925,0.03
Burundi,BDI,1929,0.03
Burundi,BDI,1933,0.04
Burundi,BDI,1938,0.05
Burundi,BDI,1950,0.06
Burundi,BDI,1955,0.07
Burundi,BDI,1960,0.09
Burundi,BDI,1965,0.09
Burundi,BDI,1970,0.11
Burundi,BDI,1975,0.11
Burundi,BDI,1980,0.11
Burundi,BDI,1985,0.13
Burundi,BDI,1990,0.15
Burundi,BDI,1995,0.15
Burundi,BDI,2000,0.16
Burundi,BDI,2005,0.16
Burundi,BDI,2007,0.21
Burundi,BDI,2010,0.22
Burundi,BDI,2015,0.25
Cambodia,KHM,1870,0.02
Cambodia,KHM,1880,0.02
Cambodia,KHM,1890,0.02
Cambodia,KHM,1900,0.02
Cambodia,KHM,1913,0.02
Cambodia,KHM,1925,0.03
Cambodia,KHM,1929,0.05
Cambodia,KHM,1933,0.05
Cambodia,KHM,1938,0.06
Cambodia,KHM,1950,0.09
Cambodia,KHM,1955,0.12
Cambodia,KHM,1960,0.14
Cambodia,KHM,1965,0.16
Cambodia,KHM,1970,0.13
Cambodia,KHM,1975,0.11
Cambodia,KHM,1980,0.17
Cambodia,KHM,1985,0.23
Cambodia,KHM,1990,0.22
Cambodia,KHM,1995,0.24
Cambodia,KHM,2000,0.26
Cambodia,KHM,2005,0.29
Cambodia,KHM,2007,0.31
Cambodia,KHM,2010,0.32
Cambodia,KHM,2015,0.37
Cameroon,CMR,1870,0.03
Cameroon,CMR,1880,0.03
Cameroon,CMR,1890,0.03
Cameroon,CMR,1900,0.03
Cameroon,CMR,1913,0.04
Cameroon,CMR,1925,0.04
Cameroon,CMR,1929,0.04
Cameroon,CMR,1933,0.05
Cameroon,CMR,1938,0.06
Cameroon,CMR,1950,0.08
Cameroon,CMR,1955,0.08
Cameroon,CMR,1960,0.1
Cameroon,CMR,1965,0.11
Cameroon,CMR,1970,0.16
Cameroon,CMR,1975,0.17
Cameroon,CMR,1980,0.2
Cameroon,CMR,1985,0.23
Cameroon,CMR,1990,0.23
Cameroon,CMR,1995,0.23
Cameroon,CMR,2000,0.22
Cameroon,CMR,2005,0.24
Cameroon,CMR,2007,0.23
Cameroon,CMR,2010,0.24
Cameroon,CMR,2015,0.28
Canada,CAN,1870,0.21
Canada,CAN,1880,0.23
Canada,CAN,1890,0.25
Canada,CAN,1900,0.27
Canada,CAN,1913,0.32
Canada,CAN,1925,0.37
Canada,CAN,1929,0.39
Canada,CAN,1933,0.38
Canada,CAN,1938,0.41
Canada,CAN,1950,0.47
Canada,CAN,1955,0.5
Canada,CAN,1960,0.53
Canada,CAN,1965,0.58
Canada,CAN,1970,0.59
Canada,CAN,1975,0.59
Canada,CAN,1980,0.6
Canada,CAN,1985,0.66
Canada,CAN,1990,0.71
Canada,CAN,1995,0.78
Canada,CAN,2000,0.75
Canada,CAN,2005,0.82
Canada,CAN,2007,0.83
Canada,CAN,2010,0.85
Canada,CAN,2015,0.88
Cape Verde,CPV,1950,0.11
Cape Verde,CPV,1955,0.12
Cape Verde,CPV,1960,0.14
Cape Verde,CPV,1965,0.16
Cape Verde,CPV,1970,0.19
Cape Verde,CPV,1975,0.21
Cape Verde,CPV,1980,0.23
Cape Verde,CPV,1985,0.26
Cape Verde,CPV,1990,0.29
Cape Verde,CPV,1995,0.34
Cape Verde,CPV,2000,0.38
Cape Verde,CPV,2005,0.39
Cape Verde,CPV,2007,0.42
Cape Verde,CPV,2010,0.43
Cape Verde,CPV,2015,0.46
Central African Republic,CAF,1870,0.02
Central African Republic,CAF,1880,0.02
Central African Republic,CAF,1890,0.02
Central African Republic,CAF,1900,0.02
Central African Republic,CAF,1913,0.02
Central African Republic,CAF,1925,0.02
Central African Republic,CAF,1929,0.02
Central African Republic,CAF,1933,0.02
Central African Republic,CAF,1938,0.03
Central African Republic,CAF,1950,0.05
Central African Republic,CAF,1955,0.07
Central African Republic,CAF,1960,0.1
Central African Republic,CAF,1965,0.11
Central African Republic,CAF,1970,0.12
Central African Republic,CAF,1975,0.13
Central African Republic,CAF,1980,0.15
Central African Republic,CAF,1985,0.15
Central African Republic,CAF,1990,0.16
Central African Republic,CAF,1995,0.15
Central African Republic,CAF,2000,0.16
Central African Republic,CAF,2005,0.16
Central African Republic,CAF,2007,0.16
Central African Republic,CAF,2010,0.16
Central African Republic,CAF,2015,0.16
Chad,TCD,1870,0.02
Chad,TCD,1880,0.02
Chad,TCD,1890,0.02
Chad,TCD,1900,0.02
Chad,TCD,1913,0.02
Chad,TCD,1925,0.02
Chad,TCD,1929,0.02
Chad,TCD,1933,0.03
Chad,TCD,1938,0.03
Chad,TCD,1950,0.03
Chad,TCD,1955,0.05
Chad,TCD,1960,0.06
Chad,TCD,1965,0.08
Chad,TCD,1970,0.08
Chad,TCD,1975,0.09
Chad,TCD,1980,0.1
Chad,TCD,1985,0.12
Chad,TCD,1990,0.13
Chad,TCD,1995,0.14
Chad,TCD,2000,0.13
Chad,TCD,2005,0.15
Chad,TCD,2007,0.16
Chad,TCD,2010,0.18
Chad,TCD,2015,0.19
Chile,CHL,1870,0.07
Chile,CHL,1880,0.07
Chile,CHL,1890,0.09
Chile,CHL,1900,0.11
Chile,CHL,1913,0.15
Chile,CHL,1925,0.17
Chile,CHL,1929,0.18
Chile,CHL,1933,0.18
Chile,CHL,1938,0.2
Chile,CHL,1950,0.28
Chile,CHL,1955,0.3
Chile,CHL,1960,0.32
Chile,CHL,1965,0.35
Chile,CHL,1970,0.38
Chile,CHL,1975,0.41
Chile,CHL,1980,0.44
Chile,CHL,1985,0.45
Chile,CHL,1990,0.48
Chile,CHL,1995,0.53
Chile,CHL,2000,0.57
Chile,CHL,2005,0.61
Chile,CHL,2007,0.66
Chile,CHL,2010,0.65
Chile,CHL,2015,0.74
China,CHN,1870,0.04
China,CHN,1880,0.04
China,CHN,1890,0.05
China,CHN,1900,0.04
China,CHN,1913,0.04
China,CHN,1925,0.05
China,CHN,1929,0.07
China,CHN,1933,0.08
China,CHN,1938,0.09
China,CHN,1950,0.12
China,CHN,1955,0.16
China,CHN,1960,0.15
China,CHN,1965,0.23
China,CHN,1970,0.25
China,CHN,1975,0.28
China,CHN,1980,0.29
China,CHN,1985,0.3
China,CHN,1990,0.31
China,CHN,1995,0.35
China,CHN,2000,0.39
China,CHN,2005,0.42
China,CHN,2007,0.46
China,CHN,2010,0.48
China,CHN,2015,0.54
Colombia,COL,1870,0.06
Colombia,COL,1880,0.06
Colombia,COL,1890,0.06
Colombia,COL,1900,0.08
Colombia,COL,1913,0.1
Colombia,COL,1925,0.12
Colombia,COL,1929,0.13
Colombia,COL,1933,0.13
Colombia,COL,1938,0.14
Colombia,COL,1950,0.2
Colombia,COL,1955,0.23
Colombia,COL,1960,0.24
Colombia,COL,1965,0.27
Colombia,COL,1970,0.31
Colombia,COL,1975,0.33
Colombia,COL,1980,0.36
Colombia,COL,1985,0.37
Colombia,COL,1990,0.39
Colombia,COL,1995,0.42
Colombia,COL,2000,0.45
Colombia,COL,2005,0.48
Colombia,COL,2007,0.5
Colombia,COL,2010,0.53
Colombia,COL,2015,0.55
Comoros,COM,1980,0.19
Comoros,COM,1985,0.2
Comoros,COM,1990,0.2
Comoros,COM,1995,0.22
Comoros,COM,2000,0.24
Comoros,COM,2005,0.25
Comoros,COM,2007,0.26
Comoros,COM,2010,0.28
Comoros,COM,2015,0.28
Congo,COG,1870,0.02
Congo,COG,1880,0.02
Congo,COG,1890,0.02
Congo,COG,1900,0.02
Congo,COG,1913,0.03
Congo,COG,1925,0.03
Congo,COG,1929,0.03
Congo,COG,1933,0.04
Congo,COG,1938,0.05
Congo,COG,1950,0.08
Congo,COG,1955,0.11
Congo,COG,1960,0.13
Congo,COG,1965,0.15
Congo,COG,1970,0.19
Congo,COG,1975,0.21
Congo,COG,1980,0.29
Congo,COG,1985,0.32
Congo,COG,1990,0.32
Congo,COG,1995,0.3
Congo,COG,2000,0.27
Congo,COG,2005,0.29
Congo,COG,2007,0.28
Congo,COG,2010,0.29
Congo,COG,2015,0.34
Costa Rica,CRI,1913,0.13
Costa Rica,CRI,1925,0.16
Costa Rica,CRI,1929,0.17
Costa Rica,CRI,1933,0.19
Costa Rica,CRI,1938,0.21
Costa Rica,CRI,1950,0.26
Costa Rica,CRI,1955,0.29
Costa Rica,CRI,1960,0.31
Costa Rica,CRI,1965,0.35
Costa Rica,CRI,1970,0.38
Costa Rica,CRI,1975,0.41
Costa Rica,CRI,1980,0.44
Costa Rica,CRI,1985,0.44
Costa Rica,CRI,1990,0.47
Costa Rica,CRI,1995,0.5
Costa Rica,CRI,2000,0.52
Costa Rica,CRI,2005,0.57
Costa Rica,CRI,2007,0.58
Costa Rica,CRI,2010,0.62
Costa Rica,CRI,2015,0.67
Cote d'Ivoire,CIV,1870,0.03
Cote d'Ivoire,CIV,1880,0.03
Cote d'Ivoire,CIV,1890,0.03
Cote d'Ivoire,CIV,1900,0.03
Cote d'Ivoire,CIV,1913,0.03
Cote d'Ivoire,CIV,1925,0.03
Cote d'Ivoire,CIV,1929,0.04
Cote d'Ivoire,CIV,1933,0.04
Cote d'Ivoire,CIV,1938,0.04
Cote d'Ivoire,CIV,1950,0.06
Cote d'Ivoire,CIV,1955,0.07
Cote d'Ivoire,CIV,1960,0.1
Cote d'Ivoire,CIV,1965,0.12
Cote d'Ivoire,CIV,1970,0.15
Cote d'Ivoire,CIV,1975,0.16
Cote d'Ivoire,CIV,1980,0.2
Cote d'Ivoire,CIV,1985,0.21
Cote d'Ivoire,CIV,1990,0.21
Cote d'Ivoire,CIV,1995,0.21
Cote d'Ivoire,CIV,2000,0.22
Cote d'Ivoire,CIV,2005,0.22
Cote d'Ivoire,CIV,2007,0.21
Cote d'Ivoire,CIV,2010,0.24
Cote d'Ivoire,CIV,2015,0.22
Croatia,HRV,1980,0.47
Croatia,HRV,1985,0.48
Croatia,HRV,1990,0.48
Croatia,HRV,1995,0.49
Croatia,HRV,2000,0.52
Croatia,HRV,2005,0.56
Croatia,HRV,2007,0.59
Croatia,HRV,2010,0.6
Croatia,HRV,2015,0.63
Cuba,CUB,1870,0.08
Cuba,CUB,1880,0.1
Cuba,CUB,1890,0.12
Cuba,CUB,1900,0.13
Cuba,CUB,1913,0.17
Cuba,CUB,1925,0.19
Cuba,CUB,1929,0.19
Cuba,CUB,1933,0.19
Cuba,CUB,1938,0.21
Cuba,CUB,1950,0.28
Cuba,CUB,1955,0.29
Cuba,CUB,1960,0.33
Cuba,CUB,1965,0.36
Cuba,CUB,1970,0.39
Cuba,CUB,1975,0.42
Cuba,CUB,1980,0.47
Cuba,CUB,1985,0.48
Cuba,CUB,1990,0.48
Cuba,CUB,1995,0.47
Cuba,CUB,2000,0.51
Cuba,CUB,2005,0.56
Cuba,CUB,2007,0.69
Cuba,CUB,2010,0.73
Cuba,CUB,2015,0.64
Cyprus,CYP,1913,0.14
Cyprus,CYP,1925,0.18
Cyprus,CYP,1929,0.19
Cyprus,CYP,1933,0.2
Cyprus,CYP,1938,0.23
Cyprus,CYP,1950,0.29
Cyprus,CYP,1955,0.33
Cyprus,CYP,1960,0.36
Cyprus,CYP,1965,0.37
Cyprus,CYP,1970,0.38
Cyprus,CYP,1975,0.4
Cyprus,CYP,1980,0.43
Cyprus,CYP,1985,0.45
Cyprus,CYP,1990,0.49
Cyprus,CYP,1995,0.54
Cyprus,CYP,2000,0.59
Cyprus,CYP,2005,0.62
Cyprus,CYP,2007,0.64
Cyprus,CYP,2010,0.66
Cyprus,CYP,2015,0.66
Czechia,CZE,1870,0.15
Czechia,CZE,1880,0.16
Czechia,CZE,1890,0.19
Czechia,CZE,1900,0.22
Czechia,CZE,1913,0.25
Czechia,CZE,1925,0.28
Czechia,CZE,1929,0.3
Czechia,CZE,1933,0.32
Czechia,CZE,1938,0.35
Czechia,CZE,1950,0.39
Czechia,CZE,1955,0.43
Czechia,CZE,1960,0.47
Czechia,CZE,1965,0.48
Czechia,CZE,1970,0.49
Czechia,CZE,1975,0.5
Czechia,CZE,1980,0.52
Czechia,CZE,1985,0.53
Czechia,CZE,1990,0.53
Czechia,CZE,1995,0.54
Czechia,CZE,2000,0.54
Czechia,CZE,2005,0.6
Czechia,CZE,2007,0.62
Czechia,CZE,2010,0.64
Czechia,CZE,2015,0.68
Democratic Republic of Congo,COD,1870,0.02
Democratic Republic of Congo,COD,1880,0.02
Democratic Republic of Congo,COD,1890,0.02
Democratic Republic of Congo,COD,1900,0.02
Democratic Republic of Congo,COD,1913,0.02
Democratic Republic of Congo,COD,1925,0.03
Democratic Republic of Congo,COD,1929,0.03
Democratic Republic of Congo,COD,1933,0.04
Democratic Republic of Congo,COD,1938,0.06
Democratic Republic of Congo,COD,1950,0.08
Democratic Republic of Congo,COD,1955,0.1
Democratic Republic of Congo,COD,1960,0.12
Democratic Republic of Congo,COD,1965,0.13
Democratic Republic of Congo,COD,1970,0.15
Democratic Republic of Congo,COD,1975,0.16
Democratic Republic of Congo,COD,1980,0.16
Democratic Republic of Congo,COD,1985,0.17
Democratic Republic of Congo,COD,1990,0.17
Democratic Republic of Congo,COD,1995,0.15
Democratic Republic of Congo,COD,2000,0.14
Democratic Republic of Congo,COD,2005,0.15
Democratic Republic of Congo,COD,2007,0.17
Democratic Republic of Congo,COD,2010,0.18
Democratic Republic of Congo,COD,2015,0.22
Denmark,DNK,1870,0.24
Denmark,DNK,1880,0.24
Denmark,DNK,1890,0.27
Denmark,DNK,1900,0.31
Denmark,DNK,1913,0.34
Denmark,DNK,1925,0.36
Denmark,DNK,1929,0.38
Denmark,DNK,1933,0.39
Denmark,DNK,1938,0.4
Denmark,DNK,1950,0.44
Denmark,DNK,1955,0.47
Denmark,DNK,1960,0.49
Denmark,DNK,1965,0.5
Denmark,DNK,1970,0.55
Denmark,DNK,1975,0.56
Denmark,DNK,1980,0.59
Denmark,DNK,1985,0.6
Denmark,DNK,1990,0.61
Denmark,DNK,1995,0.63
Denmark,DNK,2000,0.69
Denmark,DNK,2005,0.78
Denmark,DNK,2007,0.79
Denmark,DNK,2010,0.8
Denmark,DNK,2015,0.83
Djibouti,DJI,1950,0.08
Djibouti,DJI,1955,0.09
Djibouti,DJI,1960,0.1
Djibouti,DJI,1965,0.11
Djibouti,DJI,1970,0.12
Djibouti,DJI,1975,0.13
Djibouti,DJI,1980,0.15
Djibouti,DJI,1985,0.16
Djibouti,DJI,1990,0.18
Djibouti,DJI,1995,0.18
Djibouti,DJI,2000,0.18
Djibouti,DJI,2005,0.2
Djibouti,DJI,2007,0.22
Djibouti,DJI,2010,0.23
Djibouti,DJI,2015,0.26
Dominican Republic,DOM,1950,0.16
Dominican Republic,DOM,1955,0.2
Dominican Republic,DOM,1960,0.23
Dominican Republic,DOM,1965,0.24
Dominican Republic,DOM,1970,0.27
Dominican Republic,DOM,1975,0.29
Dominican Republic,DOM,1980,0.32
Dominican Republic,DOM,1985,0.35
Dominican Republic,DOM,1990,0.37
Dominican Republic,DOM,1995,0.38
Dominican Republic,DOM,2000,0.41
Dominican Republic,DOM,2005,0.43
Dominican Republic,DOM,2007,0.45
Dominican Republic,DOM,2010,0.47
Dominican Republic,DOM,2015,0.49
Ecuador,ECU,1870,0.04
Ecuador,ECU,1880,0.05
Ecuador,ECU,1890,0.05
Ecuador,ECU,1900,0.07
Ecuador,ECU,1913,0.07
Ecuador,ECU,1925,0.09
Ecuador,ECU,1929,0.1
Ecuador,ECU,1933,0.11
Ecuador,ECU,1938,0.12
Ecuador,ECU,1950,0.19
Ecuador,ECU,1955,0.22
Ecuador,ECU,1960,0.24
Ecuador,ECU,1965,0.26
Ecuador,ECU,1970,0.29
Ecuador,ECU,1975,0.32
Ecuador,ECU,1980,0.36
Ecuador,ECU,1985,0.4
Ecuador,ECU,1990,0.42
Ecuador,ECU,1995,0.44
Ecuador,ECU,2000,0.46
Ecuador,ECU,2005,0.48
Ecuador,ECU,2007,0.47
Ecuador,ECU,2010,0.51
Ecuador,ECU,2015,0.55
Egypt,EGY,1870,0.04
Egypt,EGY,1880,0.04
Egypt,EGY,1890,0.04
Egypt,EGY,1900,0.05
Egypt,EGY,1913,0.06
Egypt,EGY,1925,0.08
Egypt,EGY,1929,0.08
Egypt,EGY,1933,0.08
Egypt,EGY,1938,0.09
Egypt,EGY,1950,0.13
Egypt,EGY,1955,0.14
Egypt,EGY,1960,0.16
Egypt,EGY,1965,0.17
Egypt,EGY,1970,0.18
Egypt,EGY,1975,0.2
Egypt,EGY,1980,0.23
Egypt,EGY,1985,0.26
Egypt,EGY,1990,0.29
Egypt,EGY,1995,0.31
Egypt,EGY,2000,0.34
Egypt,EGY,2005,0.38
Egypt,EGY,2007,0.38
Egypt,EGY,2010,0.39
Egypt,EGY,2015,0.41
El Salvador,SLV,1913,0.07
El Salvador,SLV,1925,0.08
El Salvador,SLV,1929,0.08
El Salvador,SLV,1933,0.09
El Salvador,SLV,1938,0.11
El Salvador,SLV,1950,0.16
El Salvador,SLV,1955,0.18
El Salvador,SLV,1960,0.2
El Salvador,SLV,1965,0.23
El Salvador,SLV,1970,0.26
El Salvador,SLV,1975,0.27
El Salvador,SLV,1980,0.27
El Salvador,SLV,1985,0.28
El Salvador,SLV,1990,0.33
El Salvador,SLV,1995,0.35
El Salvador,SLV,2000,0.38
El Salvador,SLV,2005,0.41
El Salvador,SLV,2007,0.43
El Salvador,SLV,2010,0.43
El Salvador,SLV,2015,0.45
Equatorial Guinea,GNQ,1950,0.1
Equatorial Guinea,GNQ,1955,0.12
Equatorial Guinea,GNQ,1960,0.13
Equatorial Guinea,GNQ,1965,0.16
Equatorial Guinea,GNQ,1970,0.18
Equatorial Guinea,GNQ,1975,0.18
Equatorial Guinea,GNQ,1980,0.21
Equatorial Guinea,GNQ,1985,0.23
Equatorial Guinea,GNQ,1990,0.25
Equatorial Guinea,GNQ,1995,0.26
Equatorial Guinea,GNQ,2000,0.31
Equatorial Guinea,GNQ,2005,0.33
Equatorial Guinea,GNQ,2007,0.36
Equatorial Guinea,GNQ,2010,0.37
Equatorial Guinea,GNQ,2015,0.4
Eritrea,ERI,1950,0.05
Eritrea,ERI,1955,0.05
Eritrea,ERI,1960,0.06
Eritrea,ERI,1965,0.09
Eritrea,ERI,1970,0.11
Eritrea,ERI,1975,0.13
Eritrea,ERI,1980,0.14
Eritrea,ERI,1985,0.14
Eritrea,ERI,1990,0.15
Eritrea,ERI,1995,0.16
Eritrea,ERI,2000,0.18
Eritrea,ERI,2005,0.2
Eritrea,ERI,2007,0.22
Eritrea,ERI,2010,0.23
Eritrea,ERI,2015,0.26
Estonia,EST,1980,0.54
Estonia,EST,1985,0.55
Estonia,EST,1990,0.53
Estonia,EST,1995,0.51
Estonia,EST,2000,0.56
Estonia,EST,2005,0.63
Estonia,EST,2007,0.65
Estonia,EST,2010,0.65
Estonia,EST,2015,0.73
Eswatini,SWZ,1870,0.02
Eswatini,SWZ,1880,0.03
Eswatini,SWZ,1890,0.04
Eswatini,SWZ,1900,0.04
Eswatini,SWZ,1913,0.04
Eswatini,SWZ,1925,0.06
Eswatini,SWZ,1929,0.06
Eswatini,SWZ,1933,0.07
Eswatini,SWZ,1938,0.08
Eswatini,SWZ,1950,0.1
Eswatini,SWZ,1955,0.12
Eswatini,SWZ,1960,0.13
Eswatini,SWZ,1965,0.17
Eswatini,SWZ,1970,0.2
Eswatini,SWZ,1975,0.22
Eswatini,SWZ,1980,0.26
Eswatini,SWZ,1985,0.28
Eswatini,SWZ,1990,0.3
Eswatini,SWZ,1995,0.31
Eswatini,SWZ,2000,0.28
Eswatini,SWZ,2005,0.26
Eswatini,SWZ,2007,0.28
Eswatini,SWZ,2010,0.28
Eswatini,SWZ,2015,0.3
Ethiopia,ETH,1870,0.02
Ethiopia,ETH,1880,0.02
Ethiopia,ETH,1890,0.02
Ethiopia,ETH,1900,0.02
Ethiopia,ETH,1913,0.02
Ethiopia,ETH,1925,0.02
Ethiopia,ETH,1929,0.03
Ethiopia,ETH,1933,0.03
Ethiopia,ETH,1938,0.03
Ethiopia,ETH,1950,0.04
Ethiopia,ETH,1955,0.04
Ethiopia,ETH,1960,0.05
Ethiopia,ETH,1965,0.06
Ethiopia,ETH,1970,0.08
Ethiopia,ETH,1975,0.09
Ethiopia,ETH,1980,0.12
Ethiopia,ETH,1985,0.12
Ethiopia,ETH,1990,0.13
Ethiopia,ETH,1995,0.13
Ethiopia,ETH,2000,0.15
Ethiopia,ETH,2005,0.18
Ethiopia,ETH,2007,0.19
Ethiopia,ETH,2010,0.22
Ethiopia,ETH,2015,0.26
Finland,FIN,1870,0.08
Finland,FIN,1880,0.09
Finland,FIN,1890,0.12
Finland,FIN,1900,0.15
Finland,FIN,1913,0.18
Finland,FIN,1925,0.25
Finland,FIN,1929,0.27
Finland,FIN,1933,0.29
Finland,FIN,1938,0.32
Finland,FIN,1950,0.42
Finland,FIN,1955,0.45
Finland,FIN,1960,0.47
Finland,FIN,1965,0.47
Finland,FIN,1970,0.51
Finland,FIN,1975,0.53
Finland,FIN,1980,0.56
Finland,FIN,1985,0.59
Finland,FIN,1990,0.62
Finland,FIN,1995,0.68
Finland,FIN,2000,0.77
Finland,FIN,2005,0.8
Finland,FIN,2007,0.81
Finland,FIN,2010,0.82
Finland,FIN,2015,0.84
France,FRA,1870,0.19
France,FRA,1880,0.21
France,FRA,1890,0.24
France,FRA,1900,0.26
France,FRA,1913,0.28
France,FRA,1925,0.3
France,FRA,1929,0.33
France,FRA,1933,0.35
France,FRA,1938,0.36
France,FRA,1950,0.41
France,FRA,1955,0.45
France,FRA,1960,0.49
France,FRA,1965,0.5
France,FRA,1970,0.53
France,FRA,1975,0.55
France,FRA,1980,0.57
France,FRA,1985,0.59
France,FRA,1990,0.62
France,FRA,1995,0.67
France,FRA,2000,0.72
France,FRA,2005,0.74
France,FRA,2007,0.77
France,FRA,2010,0.79
France,FRA,2015,0.82
Gabon,GAB,1870,0.03
Gabon,GAB,1880,0.03
Gabon,GAB,1890,0.03
Gabon,GAB,1900,0.03
Gabon,GAB,1913,0.04
Gabon,GAB,1925,0.04
Gabon,GAB,1929,0.04
Gabon,GAB,1933,0.04
Gabon,GAB,1938,0.05
Gabon,GAB,1950,0.09
Gabon,GAB,1955,0.12
Gabon,GAB,1960,0.15
Gabon,GAB,1965,0.18
Gabon,GAB,1970,0.21
Gabon,GAB,1975,0.24
Gabon,GAB,1980,0.28
Gabon,GAB,1985,0.33
Gabon,GAB,1990,0.34
Gabon,GAB,1995,0.36
Gabon,GAB,2000,0.34
Gabon,GAB,2005,0.36
Gabon,GAB,2007,0.38
Gabon,GAB,2010,0.38
Gabon,GAB,2015,0.4
Gambia,GMB,1913,0.03
Gambia,GMB,1925,0.03
Gambia,GMB,1929,0.03
Gambia,GMB,1933,0.03
Gambia,GMB,1938,0.04
Gambia,GMB,1950,0.06
Gambia,GMB,1955,0.06
Gambia,GMB,1960,0.06
Gambia,GMB,1965,0.08
Gambia,GMB,1970,0.09
Gambia,GMB,1975,0.1
Gambia,GMB,1980,0.13
Gambia,GMB,1985,0.15
Gambia,GMB,1990,0.16
Gambia,GMB,1995,0.17
Gambia,GMB,2000,0.19
Gambia,GMB,2005,0.2
Gambia,GMB,2007,0.21
Gambia,GMB,2010,0.24
Gambia,GMB,2015,0.25
Georgia,GEO,1990,0.53
Georgia,GEO,1995,0.46
Georgia,GEO,2000,0.48
Georgia,GEO,2005,0.5
Georgia,GEO,2007,0.52
Georgia,GEO,2010,0.52
Georgia,GEO,2015,0.58
Germany,DEU,1870,0.22
Germany,DEU,1880,0.23
Germany,DEU,1890,0.27
Germany,DEU,1900,0.29
Germany,DEU,1913,0.32
Germany,DEU,1925,0.34
Germany,DEU,1929,0.37
Germany,DEU,1933,0.38
Germany,DEU,1938,0.41
Germany,DEU,1950,0.43
Germany,DEU,1955,0.44
Germany,DEU,1960,0.47
Germany,DEU,1965,0.49
Germany,DEU,1970,0.52
Germany,DEU,1975,0.55
Germany,DEU,1980,0.56
Germany,DEU,1985,0.57
Germany,DEU,1990,0.6
Germany,DEU,1995,0.63
Germany,DEU,2000,0.68
Germany,DEU,2005,0.7
Germany,DEU,2007,0.71
Germany,DEU,2010,0.74
Germany,DEU,2015,0.8
Ghana,GHA,1870,0.02
Ghana,GHA,1880,0.03
Ghana,GHA,1890,0.03
Ghana,GHA,1900,0.04
Ghana,GHA,1913,0.05
Ghana,GHA,1925,0.06
Ghana,GHA,1929,0.06
Ghana,GHA,1933,0.06
Ghana,GHA,1938,0.07
Ghana,GHA,1950,0.12
Ghana,GHA,1955,0.14
Ghana,GHA,1960,0.15
Ghana,GHA,1965,0.17
Ghana,GHA,1970,0.18
Ghana,GHA,1975,0.19
Ghana,GHA,1980,0.2
Ghana,GHA,1985,0.21
Ghana,GHA,1990,0.23
Ghana,GHA,1995,0.25
Ghana,GHA,2000,0.25
Ghana,GHA,2005,0.27
Ghana,GHA,2007,0.27
Ghana,GHA,2010,0.29
Ghana,GHA,2015,0.33
Greece,GRC,1870,0.11
Greece,GRC,1880,0.12
Greece,GRC,1890,0.13
Greece,GRC,1900,0.15
Greece,GRC,1913,0.16
Greece,GRC,1925,0.2
Greece,GRC,1929,0.22
Greece,GRC,1933,0.24
Greece,GRC,1938,0.26
Greece,GRC,1950,0.29
Greece,GRC,1955,0.33
Greece,GRC,1960,0.35
Greece,GRC,1965,0.39
Greece,GRC,1970,0.44
Greece,GRC,1975,0.46
Greece,GRC,1980,0.49
Greece,GRC,1985,0.52
Greece,GRC,1990,0.54
Greece,GRC,1995,0.57
Greece,GRC,2000,0.58
Greece,GRC,2005,0.66
Greece,GRC,2007,0.71
Greece,GRC,2010,0.76
Greece,GRC,2015,0.75
Guatemala,GTM,1913,0.07
Guatemala,GTM,1925,0.07
Guatemala,GTM,1929,0.07
Guatemala,GTM,1933,0.07
Guatemala,GTM,1938,0.09
Guatemala,GTM,1950,0.14
Guatemala,GTM,1955,0.15
Guatemala,GTM,1960,0.16
Guatemala,GTM,1965,0.19
Guatemala,GTM,1970,0.2
Guatemala,GTM,1975,0.22
Guatemala,GTM,1980,0.24
Guatemala,GTM,1985,0.26
Guatemala,GTM,1990,0.28
Guatemala,GTM,1995,0.3
Guatemala,GTM,2000,0.34
Guatemala,GTM,2005,0.36
Guatemala,GTM,2007,0.39
Guatemala,GTM,2010,0.4
Guatemala,GTM,2015,0.41
Guinea,GIN,1870,0.02
Guinea,GIN,1880,0.02
Guinea,GIN,1890,0.02
Guinea,GIN,1900,0.02
Guinea,GIN,1913,0.02
Guinea,GIN,1925,0.03
Guinea,GIN,1929,0.03
Guinea,GIN,1933,0.03
Guinea,GIN,1938,0.04
Guinea,GIN,1950,0.04
Guinea,GIN,1955,0.05
Guinea,GIN,1960,0.06
Guinea,GIN,1965,0.08
Guinea,GIN,1970,0.09
Guinea,GIN,1975,0.1
Guinea,GIN,1980,0.12
Guinea,GIN,1985,0.13
Guinea,GIN,1990,0.13
Guinea,GIN,1995,0.13
Guinea,GIN,2000,0.15
Guinea,GIN,2005,0.17
Guinea,GIN,2007,0.19
Guinea,GIN,2010,0.18
Guinea,GIN,2015,0.19
Guinea-Bissau,GNB,1870,0.02
Guinea-Bissau,GNB,1880,0.02
Guinea-Bissau,GNB,1890,0.02
Guinea-Bissau,GNB,1900,0.02
Guinea-Bissau,GNB,1913,0.02
Guinea-Bissau,GNB,1925,0.02
Guinea-Bissau,GNB,1929,0.02
Guinea-Bissau,GNB,1933,0.02
Guinea-Bissau,GNB,1938,0.02
Guinea-Bissau,GNB,1950,0.04
Guinea-Bissau,GNB,1955,0.06
Guinea-Bissau,GNB,1960,0.07
Guinea-Bissau,GNB,1965,0.09
Guinea-Bissau,GNB,1970,0.1
Guinea-Bissau,GNB,1975,0.11
Guinea-Bissau,GNB,1980,0.12
Guinea-Bissau,GNB,1985,0.13
Guinea-Bissau,GNB,1990,0.13
Guinea-Bissau,GNB,1995,0.15
Guinea-Bissau,GNB,2000,0.16
Guinea-Bissau,GNB,2005,0.18
Guinea-Bissau,GNB,2007,0.2
Guinea-Bissau,GNB,2010,0.21
Guinea-Bissau,GNB,2015,0.23
Guyana,GUY,1950,0.24
Guyana,GUY,1955,0.27
Guyana,GUY,1960,0.3
Guyana,GUY,1965,0.33
Guyana,GUY,1970,0.33
Guyana,GUY,1975,0.35
Guyana,GUY,1980,0.36
Guyana,GUY,1985,0.35
Guyana,GUY,1990,0.36
Guyana,GUY,1995,0.38
Guyana,GUY,2000,0.42
Guyana,GUY,2005,0.44
Guyana,GUY,2007,0.45
Guyana,GUY,2010,0.39
Guyana,GUY,2015,0.39
Haiti,HTI,1950,0.09
Haiti,HTI,1955,0.11
Haiti,HTI,1960,0.12
Haiti,HTI,1965,0.13
Haiti,HTI,1970,0.14
Haiti,HTI,1975,0.16
Haiti,HTI,1980,0.17
Haiti,HTI,1985,0.18
Haiti,HTI,1990,0.2
Haiti,HTI,1995,0.22
Haiti,HTI,2000,0.23
Haiti,HTI,2005,0.23
Haiti,HTI,2007,0.23
Haiti,HTI,2010,0.23
Haiti,HTI,2015,0.25
Honduras,HND,1913,0.09
Honduras,HND,1925,0.09
Honduras,HND,1929,0.11
Honduras,HND,1933,0.1
Honduras,HND,1938,0.11
Honduras,HND,1950,0.15
Honduras,HND,1955,0.16
Honduras,HND,1960,0.18
Honduras,HND,1965,0.2
Honduras,HND,1970,0.22
Honduras,HND,1975,0.23
Honduras,HND,1980,0.26
Honduras,HND,1985,0.29
Honduras,HND,1990,0.32
Honduras,HND,1995,0.33
Honduras,HND,2000,0.35
Honduras,HND,2005,0.39
Honduras,HND,2007,0.41
Honduras,HND,2010,0.42
Honduras,HND,2015,0.43
Hong Kong,HKG,1870,0.05
Hong Kong,HKG,1913,0.08
Hong Kong,HKG,1950,0.23
Hong Kong,HKG,1955,0.27
Hong Kong,HKG,1960,0.31
Hong Kong,HKG,1965,0.35
Hong Kong,HKG,1970,0.37
Hong Kong,HKG,1975,0.41
Hong Kong,HKG,1980,0.45
Hong Kong,HKG,1985,0.48
Hong Kong,HKG,1990,0.53
Hong Kong,HKG,1995,0.56
Hong Kong,HKG,2000,0.59
Hong Kong,HKG,2005,0.66
Hong Kong,HKG,2007,0.67
Hong Kong,HKG,2010,0.74
Hong Kong,HKG,2015,0.8
Hungary,HUN,1870,0.1
Hungary,HUN,1880,0.13
Hungary,HUN,1890,0.15
Hungary,HUN,1900,0.17
Hungary,HUN,1913,0.19
Hungary,HUN,1925,0.23
Hungary,HUN,1929,0.26
Hungary,HUN,1933,0.28
Hungary,HUN,1938,0.3
Hungary,HUN,1950,0.35
Hungary,HUN,1955,0.39
Hungary,HUN,1960,0.43
Hungary,HUN,1965,0.46
Hungary,HUN,1970,0.45
Hungary,HUN,1975,0.46
Hungary,HUN,1980,0.46
Hungary,HUN,1985,0.49
Hungary,HUN,1990,0.49
Hungary,HUN,1995,0.49
Hungary,HUN,2000,0.52
Hungary,HUN,2005,0.58
Hungary,HUN,2007,0.6
Hungary,HUN,2010,0.6
Hungary,HUN,2015,0.62
Iceland,ISL,1980,0.59
Iceland,ISL,1985,0.61
Iceland,ISL,1990,0.63
Iceland,ISL,1995,0.66
Iceland,ISL,2000,0.71
Iceland,ISL,2005,0.79
Iceland,ISL,2007,0.81
Iceland,ISL,2010,0.83
Iceland,ISL,2015,0.9
India,IND,1870,0.03
India,IND,1880,0.03
India,IND,1890,0.04
India,IND,1900,0.04
India,IND,1913,0.04
India,IND,1925,0.06
India,IND,1929,0.07
India,IND,1933,0.07
India,IND,1938,0.08
India,IND,1950,0.11
India,IND,1955,0.12
India,IND,1960,0.14
India,IND,1965,0.16
India,IND,1970,0.17
India,IND,1975,0.18
India,IND,1980,0.2
India,IND,1985,0.21
India,IND,1990,0.23
India,IND,1995,0.25
India,IND,2000,0.27
India,IND,2005,0.29
India,IND,2007,0.31
India,IND,2010,0.33
India,IND,2015,0.38
Indonesia,IDN,1870,0.02
Indonesia,IDN,1880,0.02
Indonesia,IDN,1890,0.02
Indonesia,IDN,1900,0.02
Indonesia,IDN,1913,0.04
Indonesia,IDN,1925,0.06
Indonesia,IDN,1929,0.07
Indonesia,IDN,1933,0.07
Indonesia,IDN,1938,0.08
Indonesia,IDN,1950,0.1
Indonesia,IDN,1955,0.13
Indonesia,IDN,1960,0.15
Indonesia,IDN,1965,0.17
Indonesia,IDN,1970,0.2
Indonesia,IDN,1975,0.22
Indonesia,IDN,1980,0.25
Indonesia,IDN,1985,0.29
Indonesia,IDN,1990,0.33
Indonesia,IDN,1995,0.35
Indonesia,IDN,2000,0.38
Indonesia,IDN,2005,0.41
Indonesia,IDN,2007,0.43
Indonesia,IDN,2010,0.45
Indonesia,IDN,2015,0.47
Iran,IRN,1870,0.03
Iran,IRN,1913,0.04
Iran,IRN,1950,0.12
Iran,IRN,1955,0.12
Iran,IRN,1960,0.15
Iran,IRN,1965,0.18
Iran,IRN,1970,0.22
Iran,IRN,1975,0.25
Iran,IRN,1980,0.28
Iran,IRN,1985,0.29
Iran,IRN,1990,0.33
Iran,IRN,1995,0.36
Iran,IRN,2000,0.39
Iran,IRN,2005,0.42
Iran,IRN,2007,0.42
Iran,IRN,2010,0.44
Iran,IRN,2015,0.51
Iraq,IRQ,1870,0.03
Iraq,IRQ,1913,0.04
Iraq,IRQ,1950,0.11
Iraq,IRQ,1955,0.14
Iraq,IRQ,1960,0.17
Iraq,IRQ,1965,0.19
Iraq,IRQ,1970,0.21
Iraq,IRQ,1975,0.24
Iraq,IRQ,1980,0.27
Iraq,IRQ,1985,0.28
Iraq,IRQ,1990,0.27
Iraq,IRQ,1995,0.25
Iraq,IRQ,2000,0.27
Iraq,IRQ,2005,0.28
Iraq,IRQ,2007,0.33
Iraq,IRQ,2010,0.35
Iraq,IRQ,2015,0.35
Ireland,IRL,1870,0.17
Ireland,IRL,1880,0.2
Ireland,IRL,1890,0.22
Ireland,IRL,1900,0.24
Ireland,IRL,1913,0.28
Ireland,IRL,1925,0.31
Ireland,IRL,1929,0.33
Ireland,IRL,1933,0.33
Ireland,IRL,1938,0.34
Ireland,IRL,1950,0.4
Ireland,IRL,1955,0.43
Ireland,IRL,1960,0.46
Ireland,IRL,1965,0.48
Ireland,IRL,1970,0.49
Ireland,IRL,1975,0.5
Ireland,IRL,1980,0.52
Ireland,IRL,1985,0.55
Ireland,IRL,1990,0.58
Ireland,IRL,1995,0.61
Ireland,IRL,2000,0.65
Ireland,IRL,2005,0.73
Ireland,IRL,2007,0.8
Ireland,IRL,2010,0.83
Ireland,IRL,2015,0.85
Israel,ISR,1950,0.32
Israel,ISR,1955,0.37
Israel,ISR,1960,0.43
Israel,ISR,1965,0.45
Israel,ISR,1970,0.45
Israel,ISR,1975,0.46
Israel,ISR,1980,0.49
Israel,ISR,1985,0.53
Israel,ISR,1990,0.54
Israel,ISR,1995,0.58
Israel,ISR,2000,0.63
Israel,ISR,2005,0.69
Israel,ISR,2007,0.74
Israel,ISR,2010,0.75
Israel,ISR,2015,0.81
Italy,ITA,1870,0.12
Italy,ITA,1880,0.13
Italy,ITA,1890,0.15
Italy,ITA,1900,0.17
Italy,ITA,1913,0.2
Italy,ITA,1925,0.23
Italy,ITA,1929,0.25
Italy,ITA,1933,0.26
Italy,ITA,1938,0.29
Italy,ITA,1950,0.33
Italy,ITA,1955,0.36
Italy,ITA,1960,0.39
Italy,ITA,1965,0.41
Italy,ITA,1970,0.48
Italy,ITA,1975,0.49
Italy,ITA,1980,0.53
Italy,ITA,1985,0.54
Italy,ITA,1990,0.57
Italy,ITA,1995,0.6
Italy,ITA,2000,0.65
Italy,ITA,2005,0.71
Italy,ITA,2007,0.75
Italy,ITA,2010,0.76
Italy,ITA,2015,0.81
Jamaica,JAM,1870,0.08
Jamaica,JAM,1880,0.1
Jamaica,JAM,1890,0.12
Jamaica,JAM,1900,0.13
Jamaica,JAM,1913,0.13
Jamaica,JAM,1925,0.15
Jamaica,JAM,1929,0.17
Jamaica,JAM,1933,0.17
Jamaica,JAM,1938,0.2
Jamaica,JAM,1950,0.26
Jamaica,JAM,1955,0.28
Jamaica,JAM,1960,0.33
Jamaica,JAM,1965,0.36
Jamaica,JAM,1970,0.38
Jamaica,JAM,1975,0.41
Jamaica,JAM,1980,0.41
Jamaica,JAM,1985,0.41
Jamaica,JAM,1990,0.42
Jamaica,JAM,1995,0.43
Jamaica,JAM,2000,0.44
Jamaica,JAM,2005,0.44
Jamaica,JAM,2007,0.45
Jamaica,JAM,2010,0.45
Jamaica,JAM,2015,0.48
Japan,JPN,1870,0.09
Japan,JPN,1880,0.13
Japan,JPN,1890,0.14
Japan,JPN,1900,0.18
Japan,JPN,1913,0.21
Japan,JPN,1925,0.23
Japan,JPN,1929,0.26
Japan,JPN,1933,0.28
Japan,JPN,1938,0.3
Japan,JPN,1950,0.36
Japan,JPN,1955,0.42
Japan,JPN,1960,0.45
Japan,JPN,1965,0.49
Japan,JPN,1970,0.52
Japan,JPN,1975,0.56
Japan,JPN,1980,0.6
Japan,JPN,1985,0.63
Japan,JPN,1990,0.66
Japan,JPN,1995,0.67
Japan,JPN,2000,0.72
Japan,JPN,2005,0.76
Japan,JPN,2007,0.78
Japan,JPN,2010,0.8
Japan,JPN,2015,0.83
Jordan,JOR,1950,0.13
Jordan,JOR,1955,0.18
Jordan,JOR,1960,0.2
Jordan,JOR,1965,0.22
Jordan,JOR,1970,0.27
Jordan,JOR,1975,0.3
Jordan,JOR,1980,0.35
Jordan,JOR,1985,0.38
Jordan,JOR,1990,0.39
Jordan,JOR,1995,0.42
Jordan,JOR,2000,0.44
Jordan,JOR,2005,0.48
Jordan,JOR,2007,0.48
Jordan,JOR,2010,0.49
Jordan,JOR,2015,0.52
Kazakhstan,KAZ,1990,0.51
Kazakhstan,KAZ,1995,0.47
Kazakhstan,KAZ,2000,0.46
Kazakhstan,KAZ,2005,0.53
Kazakhstan,KAZ,2007,0.53
Kazakhstan,KAZ,2010,0.53
Kazakhstan,KAZ,2015,0.58
Kenya,KEN,1870,0.04
Kenya,KEN,1880,0.04
Kenya,KEN,1890,0.04
Kenya,KEN,1900,0.04
Kenya,KEN,1913,0.05
Kenya,KEN,1925,0.05
Kenya,KEN,1929,0.05
Kenya,KEN,1933,0.05
Kenya,KEN,1938,0.06
Kenya,KEN,1950,0.11
Kenya,KEN,1955,0.12
Kenya,KEN,1960,0.14
Kenya,KEN,1965,0.15
Kenya,KEN,1970,0.17
Kenya,KEN,1975,0.2
Kenya,KEN,1980,0.24
Kenya,KEN,1985,0.26
Kenya,KEN,1990,0.27
Kenya,KEN,1995,0.26
Kenya,KEN,2000,0.25
Kenya,KEN,2005,0.26
Kenya,KEN,2007,0.26
Kenya,KEN,2010,0.28
Kenya,KEN,2015,0.31
Kuwait,KWT,1950,0.19
Kuwait,KWT,1955,0.24
Kuwait,KWT,1960,0.3
Kuwait,KWT,1965,0.33
Kuwait,KWT,1970,0.37
Kuwait,KWT,1975,0.38
Kuwait,KWT,1980,0.41
Kuwait,KWT,1985,0.43
Kuwait,KWT,1990,0.44
Kuwait,KWT,1995,0.43
Kuwait,KWT,2000,0.51
Kuwait,KWT,2005,0.57
Kuwait,KWT,2007,0.55
Kuwait,KWT,2010,0.57
Kuwait,KWT,2015,0.54
Kyrgyzstan,KGZ,1990,0.48
Kyrgyzstan,KGZ,1995,0.43
Kyrgyzstan,KGZ,2000,0.43
Kyrgyzstan,KGZ,2005,0.45
Kyrgyzstan,KGZ,2007,0.46
Kyrgyzstan,KGZ,2010,0.47
Kyrgyzstan,KGZ,2015,0.49
Laos,LAO,1950,0.08
Laos,LAO,1955,0.1
Laos,LAO,1960,0.11
Laos,LAO,1965,0.11
Laos,LAO,1970,0.13
Laos,LAO,1975,0.14
Laos,LAO,1980,0.19
Laos,LAO,1985,0.2
Laos,LAO,1990,0.22
Laos,LAO,1995,0.24
Laos,LAO,2000,0.27
Laos,LAO,2005,0.3
Laos,LAO,2007,0.31
Laos,LAO,2010,0.34
Laos,LAO,2015,0.36
Latvia,LVA,1980,0.51
Latvia,LVA,1985,0.52
Latvia,LVA,1990,0.53
Latvia,LVA,1995,0.48
Latvia,LVA,2000,0.52
Latvia,LVA,2005,0.6
Latvia,LVA,2007,0.63
Latvia,LVA,2010,0.63
Latvia,LVA,2015,0.63
Lebanon,LBN,1950,0.23
Lebanon,LBN,1955,0.25
Lebanon,LBN,1960,0.26
Lebanon,LBN,1965,0.3
Lebanon,LBN,1970,0.33
Lebanon,LBN,1975,0.35
Lebanon,LBN,1980,0.37
Lebanon,LBN,1985,0.37
Lebanon,LBN,1990,0.37
Lebanon,LBN,1995,0.4
Lebanon,LBN,2000,0.44
Lebanon,LBN,2005,0.45
Lebanon,LBN,2007,0.44
Lebanon,LBN,2010,0.47
Lebanon,LBN,2015,0.51
Lesotho,LSO,1870,0.03
Lesotho,LSO,1880,0.04
Lesotho,LSO,1890,0.05
Lesotho,LSO,1900,0.06
Lesotho,LSO,1913,0.06
Lesotho,LSO,1925,0.07
Lesotho,LSO,1929,0.07
Lesotho,LSO,1933,0.09
Lesotho,LSO,1938,0.1
Lesotho,LSO,1950,0.13
Lesotho,LSO,1955,0.14
Lesotho,LSO,1960,0.15
Lesotho,LSO,1965,0.18
Lesotho,LSO,1970,0.19
Lesotho,LSO,1975,0.21
Lesotho,LSO,1980,0.24
Lesotho,LSO,1985,0.25
Lesotho,LSO,1990,0.28
Lesotho,LSO,1995,0.29
Lesotho,LSO,2000,0.27
Lesotho,LSO,2005,0.25
Lesotho,LSO,2007,0.26
Lesotho,LSO,2010,0.25
Lesotho,LSO,2015,0.28
Liberia,LBR,1870,0.02
Liberia,LBR,1880,0.02
Liberia,LBR,1890,0.02
Liberia,LBR,1900,0.03
Liberia,LBR,1913,0.04
Liberia,LBR,1925,0.03
Liberia,LBR,1929,0.04
Liberia,LBR,1933,0.04
Liberia,LBR,1938,0.05
Liberia,LBR,1950,0.08
Liberia,LBR,1955,0.09
Liberia,LBR,1960,0.1
Liberia,LBR,1965,0.12
Liberia,LBR,1970,0.14
Liberia,LBR,1975,0.14
Liberia,LBR,1980,0.15
Liberia,LBR,1985,0.15
Liberia,LBR,1990,0.15
Liberia,LBR,1995,0.17
Liberia,LBR,2000,0.23
Liberia,LBR,2005,0.21
Liberia,LBR,2007,0.22
Liberia,LBR,2010,0.23
Liberia,LBR,2015,0.24
Libya,LBY,1870,0.03
Libya,LBY,1880,0.04
Libya,LBY,1890,0.04
Libya,LBY,1900,0.04
Libya,LBY,1913,0.05
Libya,LBY,1925,0.06
Libya,LBY,1929,0.07
Libya,LBY,1933,0.07
Libya,LBY,1938,0.08
Libya,LBY,1950,0.11
Libya,LBY,1955,0.13
Libya,LBY,1960,0.16
Libya,LBY,1965,0.2
Libya,LBY,1970,0.25
Libya,LBY,1975,0.27
Libya,LBY,1980,0.33
Libya,LBY,1985,0.34
Libya,LBY,1990,0.37
Libya,LBY,1995,0.42
Libya,LBY,2000,0.46
Libya,LBY,2005,0.48
Libya,LBY,2007,0.51
Libya,LBY,2010,0.53
Libya,LBY,2015,0.45
Lithuania,LTU,1980,0.54
Lithuania,LTU,1985,0.53
Lithuania,LTU,1990,0.52
Lithuania,LTU,1995,0.49
Lithuania,LTU,2000,0.53
Lithuania,LTU,2005,0.61
Lithuania,LTU,2007,0.63
Lithuania,LTU,2010,0.64
Lithuania,LTU,2015,0.65
Madagascar,MDG,1870,0.04
Madagascar,MDG,1880,0.05
Madagascar,MDG,1890,0.05
Madagascar,MDG,1900,0.06
Madagascar,MDG,1913,0.07
Madagascar,MDG,1925,0.08
Madagascar,MDG,1929,0.09
Madagascar,MDG,1933,0.09
Madagascar,MDG,1938,0.1
Madagascar,MDG,1950,0.12
Madagascar,MDG,1955,0.13
Madagascar,MDG,1960,0.14
Madagascar,MDG,1965,0.16
Madagascar,MDG,1970,0.17
Madagascar,MDG,1975,0.19
Madagascar,MDG,1980,0.2
Madagascar,MDG,1985,0.2
Madagascar,MDG,1990,0.2
Madagascar,MDG,1995,0.2
Madagascar,MDG,2000,0.22
Madagascar,MDG,2005,0.25
Madagascar,MDG,2007,0.25
Madagascar,MDG,2010,0.26
Madagascar,MDG,2015,0.27
Malawi,MWI,1870,0.02
Malawi,MWI,1880,0.02
Malawi,MWI,1890,0.03
Malawi,MWI,1900,0.03
Malawi,MWI,1913,0.04
Malawi,MWI,1925,0.05
Malawi,MWI,1929,0.05
Malawi,MWI,1933,0.06
Malawi,MWI,1938,0.07
Malawi,MWI,1950,0.07
Malawi,MWI,1955,0.09
Malawi,MWI,1960,0.11
Malawi,MWI,1965,0.11
Malawi,MWI,1970,0.12
Malawi,MWI,1975,0.14
Malawi,MWI,1980,0.15
Malawi,MWI,1985,0.16
Malawi,MWI,1990,0.17
Malawi,MWI,1995,0.2
Malawi,MWI,2000,0.22
Malawi,MWI,2005,0.22
Malawi,MWI,2007,0.23
Malawi,MWI,2010,0.23
Malawi,MWI,2015,0.28
Malaysia,MYS,1870,0.03
Malaysia,MYS,1880,0.04
Malaysia,MYS,1890,0.04
Malaysia,MYS,1900,0.05
Malaysia,MYS,1913,0.06
Malaysia,MYS,1925,0.07
Malaysia,MYS,1929,0.09
Malaysia,MYS,1933,0.1
Malaysia,MYS,1938,0.12
Malaysia,MYS,1950,0.18
Malaysia,MYS,1955,0.21
Malaysia,MYS,1960,0.23
Malaysia,MYS,1965,0.24
Malaysia,MYS,1970,0.27
Malaysia,MYS,1975,0.3
Malaysia,MYS,1980,0.33
Malaysia,MYS,1985,0.36
Malaysia,MYS,1990,0.39
Malaysia,MYS,1995,0.42
Malaysia,MYS,2000,0.46
Malaysia,MYS,2005,0.48
Malaysia,MYS,2007,0.5
Malaysia,MYS,2010,0.51
Malaysia,MYS,2015,0.52
Mali,MLI,1870,0.02
Mali,MLI,1880,0.02
Mali,MLI,1890,0.02
Mali,MLI,1900,0.02
Mali,MLI,1913,0.02
Mali,MLI,1925,0.02
Mali,MLI,1929,0.03
Mali,MLI,1933,0.03
Mali,MLI,1938,0.03
Mali,MLI,1950,0.04
Mali,MLI,1955,0.05
Mali,MLI,1960,0.06
Mali,MLI,1965,0.07
Mali,MLI,1970,0.08
Mali,MLI,1975,0.09
Mali,MLI,1980,0.1
Mali,MLI,1985,0.1
Mali,MLI,1990,0.11
Mali,MLI,1995,0.12
Mali,MLI,2000,0.14
Mali,MLI,2005,0.17
Mali,MLI,2007,0.17
Mali,MLI,2010,0.18
Mali,MLI,2015,0.21
Malta,MLT,1980,0.42
Malta,MLT,1985,0.45
Malta,MLT,1990,0.49
Malta,MLT,1995,0.52
Malta,MLT,2000,0.56
Malta,MLT,2005,0.59
Malta,MLT,2007,0.6
Malta,MLT,2010,0.62
Malta,MLT,2015,0.63
Mauritania,MRT,1870,0.02
Mauritania,MRT,1880,0.02
Mauritania,MRT,1890,0.02
Mauritania,MRT,1900,0.02
Mauritania,MRT,1913,0.02
Mauritania,MRT,1925,0.02
Mauritania,MRT,1929,0.02
Mauritania,MRT,1933,0.03
Mauritania,MRT,1938,0.03
Mauritania,MRT,1950,0.04
Mauritania,MRT,1955,0.05
Mauritania,MRT,1960,0.06
Mauritania,MRT,1965,0.09
Mauritania,MRT,1970,0.11
Mauritania,MRT,1975,0.12
Mauritania,MRT,1980,0.15
Mauritania,MRT,1985,0.17
Mauritania,MRT,1990,0.18
Mauritania,MRT,1995,0.19
Mauritania,MRT,2000,0.2
Mauritania,MRT,2005,0.21
Mauritania,MRT,2007,0.22
Mauritania,MRT,2010,0.23
Mauritania,MRT,2015,0.25
Mauritius,MUS,1870,0.05
Mauritius,MUS,1880,0.06
Mauritius,MUS,1890,0.07
Mauritius,MUS,1900,0.08
Mauritius,MUS,1913,0.09
Mauritius,MUS,1925,0.11
Mauritius,MUS,1929,0.12
Mauritius,MUS,1933,0.12
Mauritius,MUS,1938,0.12
Mauritius,MUS,1950,0.21
Mauritius,MUS,1955,0.24
Mauritius,MUS,1960,0.28
Mauritius,MUS,1965,0.3
Mauritius,MUS,1970,0.3
Mauritius,MUS,1975,0.32
Mauritius,MUS,1980,0.34
Mauritius,MUS,1985,0.36
Mauritius,MUS,1990,0.39
Mauritius,MUS,1995,0.41
Mauritius,MUS,2000,0.44
Mauritius,MUS,2005,0.47
Mauritius,MUS,2007,0.49
Mauritius,MUS,2010,0.5
Mauritius,MUS,2015,0.54
Mexico,MEX,1870,0.05
Mexico,MEX,1880,0.06
Mexico,MEX,1890,0.06
Mexico,MEX,1900,0.07
Mexico,MEX,1913,0.09
Mexico,MEX,1925,0.12
Mexico,MEX,1929,0.12
Mexico,MEX,1933,0.13
Mexico,MEX,1938,0.15
Mexico,MEX,1950,0.21
Mexico,MEX,1955,0.24
Mexico,MEX,1960,0.26
Mexico,MEX,1965,0.29
Mexico,MEX,1970,0.32
Mexico,MEX,1975,0.35
Mexico,MEX,1980,0.39
Mexico,MEX,1985,0.42
Mexico,MEX,1990,0.43
Mexico,MEX,1995,0.44
Mexico,MEX,2000,0.47
Mexico,MEX,2005,0.5
Mexico,MEX,2007,0.51
Mexico,MEX,2010,0.52
Mexico,MEX,2015,0.54
Moldova,MDA,1980,0.41
Moldova,MDA,1985,0.44
Moldova,MDA,1990,0.47
Moldova,MDA,1995,0.43
Moldova,MDA,2000,0.43
Moldova,MDA,2005,0.46
Moldova,MDA,2007,0.46
Moldova,MDA,2010,0.47
Moldova,MDA,2015,0.5
Mongolia,MNG,1980,0.32
Mongolia,MNG,1985,0.35
Mongolia,MNG,1990,0.36
Mongolia,MNG,1995,0.34
Mongolia,MNG,2000,0.36
Mongolia,MNG,2005,0.41
Mongolia,MNG,2007,0.42
Mongolia,MNG,2010,0.45
Mongolia,MNG,2015,0.5
Morocco,MAR,1870,0.03
Morocco,MAR,1880,0.03
Morocco,MAR,1890,0.03
Morocco,MAR,1900,0.04
Morocco,MAR,1913,0.04
Morocco,MAR,1925,0.04
Morocco,MAR,1929,0.05
Morocco,MAR,1933,0.06
Morocco,MAR,1938,0.06
Morocco,MAR,1950,0.1
Morocco,MAR,1955,0.12
Morocco,MAR,1960,0.13
Morocco,MAR,1965,0.15
Morocco,MAR,1970,0.16
Morocco,MAR,1975,0.17
Morocco,MAR,1980,0.2
Morocco,MAR,1985,0.23
Morocco,MAR,1990,0.25
Morocco,MAR,1995,0.27
Morocco,MAR,2000,0.3
Morocco,MAR,2005,0.33
Morocco,MAR,2007,0.35
Morocco,MAR,2010,0.37
Morocco,MAR,2015,0.42
Mozambique,MOZ,1870,0.03
Mozambique,MOZ,1880,0.03
Mozambique,MOZ,1890,0.03
Mozambique,MOZ,1900,0.03
Mozambique,MOZ,1913,0.03
Mozambique,MOZ,1925,0.04
Mozambique,MOZ,1929,0.04
Mozambique,MOZ,1933,0.05
Mozambique,MOZ,1938,0.06
Mozambique,MOZ,1950,0.06
Mozambique,MOZ,1955,0.09
Mozambique,MOZ,1960,0.1
Mozambique,MOZ,1965,0.1
Mozambique,MOZ,1970,0.12
Mozambique,MOZ,1975,0.12
Mozambique,MOZ,1980,0.15
Mozambique,MOZ,1985,0.14
Mozambique,MOZ,1990,0.15
Mozambique,MOZ,1995,0.16
Mozambique,MOZ,2000,0.19
Mozambique,MOZ,2005,0.21
Mozambique,MOZ,2007,0.23
Mozambique,MOZ,2010,0.23
Mozambique,MOZ,2015,0.28
Myanmar,MMR,1870,0.04
Myanmar,MMR,1880,0.04
Myanmar,MMR,1890,0.06
Myanmar,MMR,1900,0.06
Myanmar,MMR,1913,0.08
Myanmar,MMR,1925,0.08
Myanmar,MMR,1929,0.09
Myanmar,MMR,1933,0.09
Myanmar,MMR,1938,0.1
Myanmar,MMR,1950,0.1
Myanmar,MMR,1955,0.14
Myanmar,MMR,1960,0.15
Myanmar,MMR,1965,0.17
Myanmar,MMR,1970,0.19
Myanmar,MMR,1975,0.2
Myanmar,MMR,1980,0.23
Myanmar,MMR,1985,0.25
Myanmar,MMR,1990,0.25
Myanmar,MMR,1995,0.27
Myanmar,MMR,2000,0.29
Myanmar,MMR,2005,0.31
Myanmar,MMR,2007,0.34
Myanmar,MMR,2010,0.36
Myanmar,MMR,2015,0.39
Namibia,NAM,1870,0.04
Namibia,NAM,1880,0.04
Namibia,NAM,1890,0.06
Namibia,NAM,1900,0.07
Namibia,NAM,1913,0.08
Namibia,NAM,1925,0.08
Namibia,NAM,1929,0.09
Namibia,NAM,1933,0.08
Namibia,NAM,1938,0.08
Namibia,NAM,1950,0.12
Namibia,NAM,1955,0.13
Namibia,NAM,1960,0.14
Namibia,NAM,1965,0.19
Namibia,NAM,1970,0.22
Namibia,NAM,1975,0.25
Namibia,NAM,1980,0.31
Namibia,NAM,1985,0.33
Namibia,NAM,1990,0.35
Namibia,NAM,1995,0.36
Namibia,NAM,2000,0.34
Namibia,NAM,2005,0.35
Namibia,NAM,2007,0.35
Namibia,NAM,2010,0.38
Namibia,NAM,2015,0.41
Nepal,NPL,1870,0.02
Nepal,NPL,1913,0.02
Nepal,NPL,1950,0.04
Nepal,NPL,1955,0.05
Nepal,NPL,1960,0.08
Nepal,NPL,1965,0.09
Nepal,NPL,1970,0.1
Nepal,NPL,1975,0.12
Nepal,NPL,1980,0.13
Nepal,NPL,1985,0.16
Nepal,NPL,1990,0.19
Nepal,NPL,1995,0.22
Nepal,NPL,2000,0.24
Nepal,NPL,2005,0.27
Nepal,NPL,2007,0.3
Nepal,NPL,2010,0.31
Nepal,NPL,2015,0.34
Netherlands,NLD,1870,0.21
Netherlands,NLD,1880,0.23
Netherlands,NLD,1890,0.26
Netherlands,NLD,1900,0.29
Netherlands,NLD,1913,0.33
Netherlands,NLD,1925,0.37
Netherlands,NLD,1929,0.4
Netherlands,NLD,1933,0.4
Netherlands,NLD,1938,0.42
Netherlands,NLD,1950,0.48
Netherlands,NLD,1955,0.49
Netherlands,NLD,1960,0.51
Netherlands,NLD,1965,0.51
Netherlands,NLD,1970,0.54
Netherlands,NLD,1975,0.56
Netherlands,NLD,1980,0.59
Netherlands,NLD,1985,0.6
Netherlands,NLD,1990,0.64
Netherlands,NLD,1995,0.69
Netherlands,NLD,2000,0.76
Netherlands,NLD,2005,0.79
Netherlands,NLD,2007,0.81
Netherlands,NLD,2010,0.83
Netherlands,NLD,2015,0.86
New Zealand,NZL,1870,0.24
New Zealand,NZL,1880,0.29
New Zealand,NZL,1890,0.3
New Zealand,NZL,1900,0.33
New Zealand,NZL,1913,0.38
New Zealand,NZL,1925,0.41
New Zealand,NZL,1929,0.42
New Zealand,NZL,1933,0.41
New Zealand,NZL,1938,0.43
New Zealand,NZL,1950,0.49
New Zealand,NZL,1955,0.52
New Zealand,NZL,1960,0.53
New Zealand,NZL,1965,0.55
New Zealand,NZL,1970,0.54
New Zealand,NZL,1975,0.55
New Zealand,NZL,1980,0.56
New Zealand,NZL,1985,0.57
New Zealand,NZL,1990,0.59
New Zealand,NZL,1995,0.65
New Zealand,NZL,2000,0.73
New Zealand,NZL,2005,0.8
New Zealand,NZL,2007,0.81
New Zealand,NZL,2010,0.82
New Zealand,NZL,2015,0.86
Nicaragua,NIC,1913,0.07
Nicaragua,NIC,1925,0.08
Nicaragua,NIC,1929,0.09
Nicaragua,NIC,1933,0.1
Nicaragua,NIC,1938,0.11
Nicaragua,NIC,1950,0.15
Nicaragua,NIC,1955,0.17
Nicaragua,NIC,1960,0.19
Nicaragua,NIC,1965,0.22
Nicaragua,NIC,1970,0.23
Nicaragua,NIC,1975,0.25
Nicaragua,NIC,1980,0.26
Nicaragua,NIC,1985,0.27
Nicaragua,NIC,1990,0.28
Nicaragua,NIC,1995,0.3
Nicaragua,NIC,2000,0.35
Nicaragua,NIC,2005,0.38
Nicaragua,NIC,2007,0.39
Nicaragua,NIC,2010,0.39
Nicaragua,NIC,2015,0.42
Niger,NER,1870,0.02
Niger,NER,1880,0.02
Niger,NER,1890,0.02
Niger,NER,1900,0.02
Niger,NER,1913,0.02
Niger,NER,1925,0.02
Niger,NER,1929,0.02
Niger,NER,1933,0.03
Niger,NER,1938,0.03
Niger,NER,1950,0.03
Niger,NER,1955,0.04
Niger,NER,1960,0.04
Niger,NER,1965,0.06
Niger,NER,1970,0.07
Niger,NER,1975,0.07
Niger,NER,1980,0.08
Niger,NER,1985,0.09
Niger,NER,1990,0.09
Niger,NER,1995,0.09
Niger,NER,2000,0.11
Niger,NER,2005,0.12
Niger,NER,2007,0.14
Niger,NER,2010,0.13
Niger,NER,2015,0.17
Nigeria,NGA,1870,0.02
Nigeria,NGA,1880,0.02
Nigeria,NGA,1890,0.02
Nigeria,NGA,1900,0.02
Nigeria,NGA,1913,0.02
Nigeria,NGA,1925,0.04
Nigeria,NGA,1929,0.04
Nigeria,NGA,1933,0.05
Nigeria,NGA,1938,0.06
Nigeria,NGA,1950,0.08
Nigeria,NGA,1955,0.09
Nigeria,NGA,1960,0.1
Nigeria,NGA,1965,0.11
Nigeria,NGA,1970,0.12
Nigeria,NGA,1975,0.15
Nigeria,NGA,1980,0.16
Nigeria,NGA,1985,0.18
Nigeria,NGA,1990,0.19
Nigeria,NGA,1995,0.2
Nigeria,NGA,2000,0.21
Nigeria,NGA,2005,0.22
Nigeria,NGA,2007,0.23
Nigeria,NGA,2010,0.23
Nigeria,NGA,2015,0.26
North Macedonia,MKD,1990,0.48
North Macedonia,MKD,1995,0.43
North Macedonia,MKD,2000,0.46
North Macedonia,MKD,2005,0.48
North Macedonia,MKD,2007,0.49
North Macedonia,MKD,2010,0.5
North Macedonia,MKD,2015,0.51
Norway,NOR,1870,0.25
Norway,NOR,1880,0.26
Norway,NOR,1890,0.28
Norway,NOR,1900,0.3
Norway,NOR,1913,0.33
Norway,NOR,1925,0.36
Norway,NOR,1929,0.37
Norway,NOR,1933,0.38
Norway,NOR,1938,0.41
Norway,NOR,1950,0.46
Norway,NOR,1955,0.48
Norway,NOR,1960,0.5
Norway,NOR,1965,0.51
Norway,NOR,1970,0.55
Norway,NOR,1975,0.57
Norway,NOR,1980,0.59
Norway,NOR,1985,0.61
Norway,NOR,1990,0.62
Norway,NOR,1995,0.67
Norway,NOR,2000,0.73
Norway,NOR,2005,0.82
Norway,NOR,2007,0.84
Norway,NOR,2010,0.83
Norway,NOR,2015,0.84
Oman,OMN,1950,0.06
Oman,OMN,1955,0.08
Oman,OMN,1960,0.1
Oman,OMN,1965,0.12
Oman,OMN,1970,0.15
Oman,OMN,1975,0.19
Oman,OMN,1980,0.21
Oman,OMN,1985,0.27
Oman,OMN,1990,0.33
Oman,OMN,1995,0.38
Oman,OMN,2000,0.41
Oman,OMN,2005,0.44
Oman,OMN,2007,0.47
Oman,OMN,2010,0.49
Oman,OMN,2015,0.53
Pakistan,PAK,1950,0.09
Pakistan,PAK,1955,0.11
Pakistan,PAK,1960,0.11
Pakistan,PAK,1965,0.13
Pakistan,PAK,1970,0.15
Pakistan,PAK,1975,0.16
Pakistan,PAK,1980,0.18
Pakistan,PAK,1985,0.18
Pakistan,PAK,1990,0.21
Pakistan,PAK,1995,0.23
Pakistan,PAK,2000,0.24
Pakistan,PAK,2005,0.26
Pakistan,PAK,2007,0.28
Pakistan,PAK,2010,0.29
Pakistan,PAK,2015,0.29
Panama,PAN,1950,0.25
Panama,PAN,1955,0.27
Panama,PAN,1960,0.29
Panama,PAN,1965,0.32
Panama,PAN,1970,0.35
Panama,PAN,1975,0.39
Panama,PAN,1980,0.43
Panama,PAN,1985,0.43
Panama,PAN,1990,0.43
Panama,PAN,1995,0.45
Panama,PAN,2000,0.48
Panama,PAN,2005,0.51
Panama,PAN,2007,0.52
Panama,PAN,2010,0.54
Panama,PAN,2015,0.57
Paraguay,PRY,1950,0.26
Paraguay,PRY,1955,0.28
Paraguay,PRY,1960,0.29
Paraguay,PRY,1965,0.3
Paraguay,PRY,1970,0.31
Paraguay,PRY,1975,0.33
Paraguay,PRY,1980,0.36
Paraguay,PRY,1985,0.36
Paraguay,PRY,1990,0.38
Paraguay,PRY,1995,0.41
Paraguay,PRY,2000,0.43
Paraguay,PRY,2005,0.45
Paraguay,PRY,2007,0.45
Paraguay,PRY,2010,0.46
Paraguay,PRY,2015,0.48
Peru,PER,1870,0.05
Peru,PER,1880,0.05
Peru,PER,1890,0.05
Peru,PER,1900,0.06
Peru,PER,1913,0.08
Peru,PER,1925,0.1
Peru,PER,1929,0.12
Peru,PER,1933,0.12
Peru,PER,1938,0.14
Peru,PER,1950,0.19
Peru,PER,1955,0.21
Peru,PER,1960,0.23
Peru,PER,1965,0.26
Peru,PER,1970,0.29
Peru,PER,1975,0.32
Peru,PER,1980,0.35
Peru,PER,1985,0.37
Peru,PER,1990,0.39
Peru,PER,1995,0.41
Peru,PER,2000,0.45
Peru,PER,2005,0.47
Peru,PER,2007,0.48
Peru,PER,2010,0.49
Peru,PER,2015,0.53
Philippines,PHL,1870,0.05
Philippines,PHL,1880,0.05
Philippines,PHL,1890,0.06
Philippines,PHL,1900,0.06
Philippines,PHL,1913,0.07
Philippines,PHL,1925,0.15
Philippines,PHL,1929,0.15
Philippines,PHL,1933,0.15
Philippines,PHL,1938,0.18
Philippines,PHL,1950,0.22
Philippines,PHL,1955,0.24
Philippines,PHL,1960,0.25
Philippines,PHL,1965,0.29
Philippines,PHL,1970,0.31
Philippines,PHL,1975,0.33
Philippines,PHL,1980,0.34
Philippines,PHL,1985,0.36
Philippines,PHL,1990,0.39
Philippines,PHL,1995,0.41
Philippines,PHL,2000,0.42
Philippines,PHL,2005,0.46
Philippines,PHL,2007,0.46
Philippines,PHL,2010,0.47
Philippines,PHL,2015,0.46
Poland,POL,1870,0.1
Poland,POL,1880,0.12
Poland,POL,1890,0.13
Poland,POL,1900,0.15
Poland,POL,1913,0.17
Poland,POL,1925,0.22
Poland,POL,1929,0.23
Poland,POL,1933,0.24
Poland,POL,1938,0.27
Poland,POL,1950,0.34
Poland,POL,1955,0.36
Poland,POL,1960,0.41
Poland,POL,1965,0.44
Poland,POL,1970,0.46
Poland,POL,1975,0.48
Poland,POL,1980,0.48
Poland,POL,1985,0.49
Poland,POL,1990,0.5
Poland,POL,1995,0.53
Poland,POL,2000,0.57
Poland,POL,2005,0.6
Poland,POL,2007,0.61
Poland,POL,2010,0.63
Poland,POL,2015,0.67
Portugal,PRT,1870,0.1
Portugal,PRT,1880,0.11
Portugal,PRT,1890,0.13
Portugal,PRT,1900,0.13
Portugal,PRT,1913,0.14
Portugal,PRT,1925,0.15
Portugal,PRT,1929,0.16
Portugal,PRT,1933,0.17
Portugal,PRT,1938,0.18
Portugal,PRT,1950,0.23
Portugal,PRT,1955,0.26
Portugal,PRT,1960,0.29
Portugal,PRT,1965,0.31
Portugal,PRT,1970,0.37
Portugal,PRT,1975,0.39
Portugal,PRT,1980,0.43
Portugal,PRT,1985,0.45
Portugal,PRT,1990,0.48
Portugal,PRT,1995,0.53
Portugal,PRT,2000,0.59
Portugal,PRT,2005,0.63
Portugal,PRT,2007,0.64
Portugal,PRT,2010,0.66
Portugal,PRT,2015,0.75
Puerto Rico,PRI,1913,0.13
Puerto Rico,PRI,1925,0.16
Puerto Rico,PRI,1929,0.17
Puerto Rico,PRI,1933,0.18
Puerto Rico,PRI,1938,0.2
Puerto Rico,PRI,1950,0.31
Puerto Rico,PRI,1955,0.37
Puerto Rico,PRI,1960,0.4
Puerto Rico,PRI,1965,0.43
Puerto Rico,PRI,1970,0.48
Puerto Rico,PRI,1975,0.49
Puerto Rico,PRI,1980,0.49
Puerto Rico,PRI,1985,0.51
Puerto Rico,PRI,1990,0.53
Puerto Rico,PRI,1995,0.56
Puerto Rico,PRI,2000,0.6
Puerto Rico,PRI,2005,0.63
Puerto Rico,PRI,2007,0.63
Puerto Rico,PRI,2010,0.64
Puerto Rico,PRI,2015,0.62
Qatar,QAT,1950,0.16
Qatar,QAT,1955,0.2
Qatar,QAT,1960,0.26
Qatar,QAT,1965,0.29
Qatar,QAT,1970,0.34
Qatar,QAT,1975,0.37
Qatar,QAT,1980,0.4
Qatar,QAT,1985,0.41
Qatar,QAT,1990,0.41
Qatar,QAT,1995,0.43
Qatar,QAT,2000,0.48
Qatar,QAT,2005,0.5
Qatar,QAT,2007,0.5
Qatar,QAT,2010,0.52
Qatar,QAT,2015,0.63
Romania,ROU,1870,0.07
Romania,ROU,1880,0.08
Romania,ROU,1890,0.09
Romania,ROU,1900,0.11
Romania,ROU,1913,0.14
Romania,ROU,1925,0.17
Romania,ROU,1929,0.17
Romania,ROU,1933,0.19
Romania,ROU,1938,0.22
Romania,ROU,1950,0.26
Romania,ROU,1955,0.29
Romania,ROU,1960,0.34
Romania,ROU,1965,0.4
Romania,ROU,1970,0.4
Romania,ROU,1975,0.42
Romania,ROU,1980,0.46
Romania,ROU,1985,0.46
Romania,ROU,1990,0.44
Romania,ROU,1995,0.43
Romania,ROU,2000,0.45
Romania,ROU,2005,0.49
Romania,ROU,2007,0.51
Romania,ROU,2010,0.54
Romania,ROU,2015,0.57
Russia,RUS,1870,0.06
Russia,RUS,1880,0.07
Russia,RUS,1890,0.08
Russia,RUS,1900,0.1
Russia,RUS,1913,0.12
Russia,RUS,1925,0.16
Russia,RUS,1929,0.18
Russia,RUS,1933,0.21
Russia,RUS,1938,0.27
Russia,RUS,1950,0.35
Russia,RUS,1955,0.38
Russia,RUS,1960,0.42
Russia,RUS,1965,0.47
Russia,RUS,1970,0.5
Russia,RUS,1975,0.49
Russia,RUS,1980,0.49
Russia,RUS,1985,0.5
Russia,RUS,1990,0.52
Russia,RUS,1995,0.48
Russia,RUS,2000,0.48
Russia,RUS,2005,0.51
Russia,RUS,2007,0.51
Russia,RUS,2010,0.52
Russia,RUS,2015,0.57
Rwanda,RWA,1870,0.02
Rwanda,RWA,1880,0.02
Rwanda,RWA,1890,0.02
Rwanda,RWA,1900,0.02
Rwanda,RWA,1913,0.03
Rwanda,RWA,1925,0.03
Rwanda,RWA,1929,0.04
Rwanda,RWA,1933,0.05
Rwanda,RWA,1938,0.04
Rwanda,RWA,1950,0.08
Rwanda,RWA,1955,0.1
Rwanda,RWA,1960,0.11
Rwanda,RWA,1965,0.12
Rwanda,RWA,1970,0.14
Rwanda,RWA,1975,0.14
Rwanda,RWA,1980,0.16
Rwanda,RWA,1985,0.17
Rwanda,RWA,1990,0.13
Rwanda,RWA,1995,0.12
Rwanda,RWA,2000,0.18
Rwanda,RWA,2005,0.22
Rwanda,RWA,2007,0.24
Rwanda,RWA,2010,0.25
Rwanda,RWA,2015,0.33
Saint Kitts and Nevis,KNA,1980,0.43
Saint Kitts and Nevis,KNA,1985,0.44
Saint Kitts and Nevis,KNA,1990,0.47
Saint Kitts and Nevis,KNA,1995,0.5
Saint Kitts and Nevis,KNA,2000,0.55
Saint Kitts and Nevis,KNA,2005,0.52
Saint Kitts and Nevis,KNA,2007,0.52
Saint Kitts and Nevis,KNA,2010,0.55
Saint Kitts and Nevis,KNA,2015,0.59
Saint Vincent and the Grenadines,VCT,1980,0.42
Saint Vincent and the Grenadines,VCT,1985,0.46
Saint Vincent and the Grenadines,VCT,1990,0.45
Saint Vincent and the Grenadines,VCT,1995,0.5
Saint Vincent and the Grenadines,VCT,2000,0.5
Saint Vincent and the Grenadines,VCT,2005,0.52
Saint Vincent and the Grenadines,VCT,2007,0.51
Saint Vincent and the Grenadines,VCT,2010,0.52
Saint Vincent and the Grenadines,VCT,2015,0.55
Saudi Arabia,SAU,1870,0.02
Saudi Arabia,SAU,1913,0.02
Saudi Arabia,SAU,1950,0.06
Saudi Arabia,SAU,1955,0.07
Saudi Arabia,SAU,1960,0.09
Saudi Arabia,SAU,1965,0.12
Saudi Arabia,SAU,1970,0.2
Saudi Arabia,SAU,1975,0.25
Saudi Arabia,SAU,1980,0.28
Saudi Arabia,SAU,1985,0.32
Saudi Arabia,SAU,1990,0.35
Saudi Arabia,SAU,1995,0.38
Saudi Arabia,SAU,2000,0.41
Saudi Arabia,SAU,2005,0.46
Saudi Arabia,SAU,2007,0.48
Saudi Arabia,SAU,2010,0.52
Saudi Arabia,SAU,2015,0.5
Senegal,SEN,1870,0.03
Senegal,SEN,1880,0.03
Senegal,SEN,1890,0.03
Senegal,SEN,1900,0.03
Senegal,SEN,1913,0.03
Senegal,SEN,1925,0.03
Senegal,SEN,1929,0.04
Senegal,SEN,1933,0.04
Senegal,SEN,1938,0.06
Senegal,SEN,1950,0.06
Senegal,SEN,1955,0.07
Senegal,SEN,1960,0.09
Senegal,SEN,1965,0.11
Senegal,SEN,1970,0.12
Senegal,SEN,1975,0.13
Senegal,SEN,1980,0.14
Senegal,SEN,1985,0.16
Senegal,SEN,1990,0.17
Senegal,SEN,1995,0.18
Senegal,SEN,2000,0.19
Senegal,SEN,2005,0.21
Senegal,SEN,2007,0.21
Senegal,SEN,2010,0.23
Senegal,SEN,2015,0.28
Serbia,SRB,1870,0.06
Serbia,SRB,1880,0.08
Serbia,SRB,1890,0.1
Serbia,SRB,1900,0.12
Serbia,SRB,1913,0.14
Serbia,SRB,1925,0.15
Serbia,SRB,1929,0.17
Serbia,SRB,1933,0.18
Serbia,SRB,1938,0.2
Serbia,SRB,1950,0.26
Serbia,SRB,1955,0.29
Serbia,SRB,1960,0.33
Serbia,SRB,1965,0.37
Serbia,SRB,1970,0.39
Serbia,SRB,1975,0.42
Serbia,SRB,1980,0.43
Serbia,SRB,1985,0.44
Serbia,SRB,1990,0.46
Serbia,SRB,1995,0.42
Serbia,SRB,2000,0.46
Serbia,SRB,2005,0.48
Serbia,SRB,2007,0.5
Serbia,SRB,2010,0.52
Serbia,SRB,2015,0.54
Seychelles,SYC,1980,0.32
Seychelles,SYC,1985,0.4
Seychelles,SYC,1990,0.43
Seychelles,SYC,1995,0.44
Seychelles,SYC,2000,0.45
Seychelles,SYC,2005,0.46
Seychelles,SYC,2007,0.48
Seychelles,SYC,2010,0.49
Seychelles,SYC,2015,0.51
Sierra Leone,SLE,1870,0.04
Sierra Leone,SLE,1880,0.03
Sierra Leone,SLE,1890,0.04
Sierra Leone,SLE,1900,0.03
Sierra Leone,SLE,1913,0.03
Sierra Leone,SLE,1925,0.03
Sierra Leone,SLE,1929,0.03
Sierra Leone,SLE,1933,0.03
Sierra Leone,SLE,1938,0.04
Sierra Leone,SLE,1950,0.06
Sierra Leone,SLE,1955,0.06
Sierra Leone,SLE,1960,0.07
Sierra Leone,SLE,1965,0.08
Sierra Leone,SLE,1970,0.09
Sierra Leone,SLE,1975,0.1
Sierra Leone,SLE,1980,0.12
Sierra Leone,SLE,1985,0.14
Sierra Leone,SLE,1990,0.14
Sierra Leone,SLE,1995,0.13
Sierra Leone,SLE,2000,0.15
Sierra Leone,SLE,2005,0.17
Sierra Leone,SLE,2007,0.18
Sierra Leone,SLE,2010,0.19
Sierra Leone,SLE,2015,0.2
Singapore,SGP,1870,0.03
Singapore,SGP,1913,0.06
Singapore,SGP,1950,0.24
Singapore,SGP,1955,0.27
Singapore,SGP,1960,0.3
Singapore,SGP,1965,0.36
Singapore,SGP,1970,0.36
Singapore,SGP,1975,0.39
Singapore,SGP,1980,0.42
Singapore,SGP,1985,0.44
Singapore,SGP,1990,0.49
Singapore,SGP,1995,0.53
Singapore,SGP,2000,0.56
Singapore,SGP,2005,0.65
Singapore,SGP,2007,0.67
Singapore,SGP,2010,0.69
Singapore,SGP,2015,0.82
Slovakia,SVK,1990,0.52
Slovakia,SVK,1995,0.52
Slovakia,SVK,2000,0.52
Slovakia,SVK,2005,0.57
Slovakia,SVK,2007,0.59
Slovakia,SVK,2010,0.6
Slovakia,SVK,2015,0.62
Slovenia,SVN,1980,0.49
Slovenia,SVN,1985,0.52
Slovenia,SVN,1990,0.54
Slovenia,SVN,1995,0.56
Slovenia,SVN,2000,0.6
Slovenia,SVN,2005,0.69
Slovenia,SVN,2007,0.71
Slovenia,SVN,2010,0.72
Slovenia,SVN,2015,0.77
South Africa,ZAF,1870,0.06
South Africa,ZAF,1880,0.08
South Africa,ZAF,1890,0.09
South Africa,ZAF,1900,0.11
South Africa,ZAF,1913,0.12
South Africa,ZAF,1925,0.13
South Africa,ZAF,1929,0.13
South Africa,ZAF,1933,0.14
South Africa,ZAF,1938,0.15
South Africa,ZAF,1950,0.19
South Africa,ZAF,1955,0.21
South Africa,ZAF,1960,0.23
South Africa,ZAF,1965,0.26
South Africa,ZAF,1970,0.28
South Africa,ZAF,1975,0.3
South Africa,ZAF,1980,0.31
South Africa,ZAF,1985,0.33
South Africa,ZAF,1990,0.35
South Africa,ZAF,1995,0.36
South Africa,ZAF,2000,0.36
South Africa,ZAF,2005,0.33
South Africa,ZAF,2007,0.34
South Africa,ZAF,2010,0.35
South Africa,ZAF,2015,0.38
South Korea,KOR,1870,0.02
South Korea,KOR,1880,0.03
South Korea,KOR,1890,0.03
South Korea,KOR,1900,0.03
South Korea,KOR,1913,0.04
South Korea,KOR,1925,0.08
South Korea,KOR,1929,0.1
South Korea,KOR,1933,0.11
South Korea,KOR,1938,0.16
South Korea,KOR,1950,0.19
South Korea,KOR,1955,0.23
South Korea,KOR,1960,0.25
South Korea,KOR,1965,0.28
South Korea,KOR,1970,0.32
South Korea,KOR,1975,0.36
South Korea,KOR,1980,0.4
South Korea,KOR,1985,0.45
South Korea,KOR,1990,0.51
South Korea,KOR,1995,0.56
South Korea,KOR,2000,0.63
South Korea,KOR,2005,0.72
South Korea,KOR,2007,0.77
South Korea,KOR,2010,0.81
South Korea,KOR,2015,0.85
Spain,ESP,1870,0.11
Spain,ESP,1880,0.11
Spain,ESP,1890,0.13
Spain,ESP,1900,0.14
Spain,ESP,1913,0.17
Spain,ESP,1925,0.21
Spain,ESP,1929,0.23
Spain,ESP,1933,0.25
Spain,ESP,1938,0.24
Spain,ESP,1950,0.3
Spain,ESP,1955,0.34
Spain,ESP,1960,0.38
Spain,ESP,1965,0.41
Spain,ESP,1970,0.44
Spain,ESP,1975,0.47
Spain,ESP,1980,0.51
Spain,ESP,1985,0.54
Spain,ESP,1990,0.59
Spain,ESP,1995,0.62
Spain,ESP,2000,0.67
Spain,ESP,2005,0.71
Spain,ESP,2007,0.76
Spain,ESP,2010,0.81
Spain,ESP,2015,0.85
Sri Lanka,LKA,1870,0.05
Sri Lanka,LKA,1880,0.07
Sri Lanka,LKA,1890,0.09
Sri Lanka,LKA,1900,0.1
Sri Lanka,LKA,1913,0.11
Sri Lanka,LKA,1925,0.11
Sri Lanka,LKA,1929,0.13
Sri Lanka,LKA,1933,0.14
Sri Lanka,LKA,1938,0.18
Sri Lanka,LKA,1950,0.24
Sri Lanka,LKA,1955,0.28
Sri Lanka,LKA,1960,0.29
Sri Lanka,LKA,1965,0.3
Sri Lanka,LKA,1970,0.31
Sri Lanka,LKA,1975,0.32
Sri Lanka,LKA,1980,0.35
Sri Lanka,LKA,1985,0.36
Sri Lanka,LKA,1990,0.38
Sri Lanka,LKA,1995,0.4
Sri Lanka,LKA,2000,0.43
Sri Lanka,LKA,2005,0.46
Sri Lanka,LKA,2007,0.46
Sri Lanka,LKA,2010,0.49
Sri Lanka,LKA,2015,0.51
Sudan,SDN,1870,0.02
Sudan,SDN,1880,0.02
Sudan,SDN,1890,0.02
Sudan,SDN,1900,0.02
Sudan,SDN,1913,0.02
Sudan,SDN,1925,0.03
Sudan,SDN,1929,0.04
Sudan,SDN,1933,0.04
Sudan,SDN,1938,0.04
Sudan,SDN,1950,0.07
Sudan,SDN,1955,0.08
Sudan,SDN,1960,0.09
Sudan,SDN,1965,0.11
Sudan,SDN,1970,0.13
Sudan,SDN,1975,0.14
Sudan,SDN,1980,0.16
Sudan,SDN,1985,0.17
Sudan,SDN,1990,0.18
Sudan,SDN,1995,0.19
Sudan,SDN,2000,0.21
Sudan,SDN,2005,0.23
Sudan,SDN,2007,0.26
Sudan,SDN,2010,0.27
Sudan,SDN,2015,0.26
Sweden,SWE,1870,0.22
Sweden,SWE,1880,0.25
Sweden,SWE,1890,0.27
Sweden,SWE,1900,0.29
Sweden,SWE,1913,0.33
Sweden,SWE,1925,0.35
Sweden,SWE,1929,0.36
Sweden,SWE,1933,0.37
Sweden,SWE,1938,0.38
Sweden,SWE,1950,0.45
Sweden,SWE,1955,0.48
Sweden,SWE,1960,0.5
Sweden,SWE,1965,0.51
Sweden,SWE,1970,0.55
Sweden,SWE,1975,0.57
Sweden,SWE,1980,0.59
Sweden,SWE,1985,0.61
Sweden,SWE,1990,0.62
Sweden,SWE,1995,0.67
Sweden,SWE,2000,0.8
Sweden,SWE,2005,0.83
Sweden,SWE,2007,0.77
Sweden,SWE,2010,0.78
Sweden,SWE,2015,0.86
Switzerland,CHE,1870,0.24
Switzerland,CHE,1880,0.26
Switzerland,CHE,1890,0.29
Switzerland,CHE,1900,0.32
Switzerland,CHE,1913,0.33
Switzerland,CHE,1925,0.37
Switzerland,CHE,1929,0.38
Switzerland,CHE,1933,0.39
Switzerland,CHE,1938,0.41
Switzerland,CHE,1950,0.44
Switzerland,CHE,1955,0.48
Switzerland,CHE,1960,0.49
Switzerland,CHE,1965,0.5
Switzerland,CHE,1970,0.51
Switzerland,CHE,1975,0.54
Switzerland,CHE,1980,0.59
Switzerland,CHE,1985,0.6
Switzerland,CHE,1990,0.61
Switzerland,CHE,1995,0.64
Switzerland,CHE,2000,0.69
Switzerland,CHE,2005,0.73
Switzerland,CHE,2007,0.75
Switzerland,CHE,2010,0.76
Switzerland,CHE,2015,0.8
Syria,SYR,1870,0.04
Syria,SYR,1913,0.05
Syria,SYR,1950,0.16
Syria,SYR,1955,0.18
Syria,SYR,1960,0.19
Syria,SYR,1965,0.22
Syria,SYR,1970,0.24
Syria,SYR,1975,0.28
Syria,SYR,1980,0.32
Syria,SYR,1985,0.34
Syria,SYR,1990,0.37
Syria,SYR,1995,0.39
Syria,SYR,2000,0.4
Syria,SYR,2005,0.44
Syria,SYR,2007,0.46
Syria,SYR,2010,0.48
Syria,SYR,2015,0.43
Taiwan,TWN,1870,0.02
Taiwan,TWN,1880,0.02
Taiwan,TWN,1890,0.02
Taiwan,TWN,1900,0.03
Taiwan,TWN,1913,0.06
Taiwan,TWN,1925,0.12
Taiwan,TWN,1929,0.12
Taiwan,TWN,1933,0.14
Taiwan,TWN,1938,0.16
Taiwan,TWN,1950,0.21
Taiwan,TWN,1955,0.26
Taiwan,TWN,1960,0.3
Taiwan,TWN,1965,0.35
Taiwan,TWN,1970,0.39
Taiwan,TWN,1975,0.42
Taiwan,TWN,1980,0.45
Taiwan,TWN,1985,0.47
Taiwan,TWN,1990,0.53
Taiwan,TWN,1995,0.54
Taiwan,TWN,2000,0.63
Taiwan,TWN,2005,0.72
Taiwan,TWN,2007,0.75
Taiwan,TWN,2010,0.8
Taiwan,TWN,2015,0.82
Tajikistan,TJK,1980,0.4
Tajikistan,TJK,1985,0.42
Tajikistan,TJK,1990,0.42
Tajikistan,TJK,1995,0.37
Tajikistan,TJK,2000,0.36
Tajikistan,TJK,2005,0.39
Tajikistan,TJK,2007,0.4
Tajikistan,TJK,2010,0.42
Tajikistan,TJK,2015,0.44
Tanzania,TZA,1870,0.02
Tanzania,TZA,1880,0.02
Tanzania,TZA,1890,0.02
Tanzania,TZA,1900,0.02
Tanzania,TZA,1913,0.03
Tanzania,TZA,1925,0.04
Tanzania,TZA,1929,0.05
Tanzania,TZA,1933,0.05
Tanzania,TZA,1938,0.05
Tanzania,TZA,1950,0.06
Tanzania,TZA,1955,0.09
Tanzania,TZA,1960,0.1
Tanzania,TZA,1965,0.12
Tanzania,TZA,1970,0.13
Tanzania,TZA,1975,0.14
Tanzania,TZA,1980,0.18
Tanzania,TZA,1985,0.18
Tanzania,TZA,1990,0.18
Tanzania,TZA,1995,0.18
Tanzania,TZA,2000,0.19
Tanzania,TZA,2005,0.23
Tanzania,TZA,2007,0.24
Tanzania,TZA,2010,0.24
Tanzania,TZA,2015,0.29
Thailand,THA,1870,0.02
Thailand,THA,1880,0.03
Thailand,THA,1890,0.03
Thailand,THA,1900,0.04
Thailand,THA,1913,0.05
Thailand,THA,1925,0.07
Thailand,THA,1929,0.09
Thailand,THA,1933,0.11
Thailand,THA,1938,0.13
Thailand,THA,1950,0.18
Thailand,THA,1955,0.21
Thailand,THA,1960,0.22
Thailand,THA,1965,0.24
Thailand,THA,1970,0.28
Thailand,THA,1975,0.3
Thailand,THA,1980,0.34
Thailand,THA,1985,0.37
Thailand,THA,1990,0.39
Thailand,THA,1995,0.42
Thailand,THA,2000,0.42
Thailand,THA,2005,0.45
Thailand,THA,2007,0.46
Thailand,THA,2010,0.49
Thailand,THA,2015,0.51
Togo,TGO,1870,0.02
Togo,TGO,1880,0.02
Togo,TGO,1890,0.02
Togo,TGO,1900,0.02
Togo,TGO,1913,0.03
Togo,TGO,1925,0.03
Togo,TGO,1929,0.03
Togo,TGO,1933,0.04
Togo,TGO,1938,0.04
Togo,TGO,1950,0.07
Togo,TGO,1955,0.08
Togo,TGO,1960,0.09
Togo,TGO,1965,0.12
Togo,TGO,1970,0.14
Togo,TGO,1975,0.16
Togo,TGO,1980,0.2
Togo,TGO,1985,0.2
Togo,TGO,1990,0.21
Togo,TGO,1995,0.22
Togo,TGO,2000,0.23
Togo,TGO,2005,0.25
Togo,TGO,2007,0.25
Togo,TGO,2010,0.26
Togo,TGO,2015,0.27
Trinidad and Tobago,TTO,1950,0.31
Trinidad and Tobago,TTO,1955,0.34
Trinidad and Tobago,TTO,1960,0.38
Trinidad and Tobago,TTO,1965,0.41
Trinidad and Tobago,TTO,1970,0.42
Trinidad and Tobago,TTO,1975,0.43
Trinidad and Tobago,TTO,1980,0.46
Trinidad and Tobago,TTO,1985,0.45
Trinidad and Tobago,TTO,1990,0.47
Trinidad and Tobago,TTO,1995,0.48
Trinidad and Tobago,TTO,2000,0.49
Trinidad and Tobago,TTO,2005,0.51
Trinidad and Tobago,TTO,2007,0.51
Trinidad and Tobago,TTO,2010,0.53
Trinidad and Tobago,TTO,2015,0.54
Tunisia,TUN,1870,0.03
Tunisia,TUN,1880,0.03
Tunisia,TUN,1890,0.03
Tunisia,TUN,1900,0.04
Tunisia,TUN,1913,0.06
Tunisia,TUN,1925,0.07
Tunisia,TUN,1929,0.08
Tunisia,TUN,1933,0.08
Tunisia,TUN,1938,0.08
Tunisia,TUN,1950,0.12
Tunisia,TUN,1955,0.13
Tunisia,TUN,1960,0.16
Tunisia,TUN,1965,0.19
Tunisia,TUN,1970,0.21
Tunisia,TUN,1975,0.24
Tunisia,TUN,1980,0.27
Tunisia,TUN,1985,0.3
Tunisia,TUN,1990,0.33
Tunisia,TUN,1995,0.37
Tunisia,TUN,2000,0.4
Tunisia,TUN,2005,0.44
Tunisia,TUN,2007,0.45
Tunisia,TUN,2010,0.46
Tunisia,TUN,2015,0.48
Turkey,TUR,1870,0.04
Turkey,TUR,1880,0.04
Turkey,TUR,1890,0.05
Turkey,TUR,1900,0.05
Turkey,TUR,1913,0.06
Turkey,TUR,1925,0.07
Turkey,TUR,1929,0.09
Turkey,TUR,1933,0.1
Turkey,TUR,1938,0.12
Turkey,TUR,1950,0.16
Turkey,TUR,1955,0.18
Turkey,TUR,1960,0.2
Turkey,TUR,1965,0.23
Turkey,TUR,1970,0.26
Turkey,TUR,1975,0.29
Turkey,TUR,1980,0.3
Turkey,TUR,1985,0.33
Turkey,TUR,1990,0.36
Turkey,TUR,1995,0.38
Turkey,TUR,2000,0.41
Turkey,TUR,2005,0.46
Turkey,TUR,2007,0.48
Turkey,TUR,2010,0.5
Turkey,TUR,2015,0.55
Uganda,UGA,1870,0.02
Uganda,UGA,1880,0.02
Uganda,UGA,1890,0.02
Uganda,UGA,1900,0.03
Uganda,UGA,1913,0.03
Uganda,UGA,1925,0.06
Uganda,UGA,1929,0.07
Uganda,UGA,1933,0.07
Uganda,UGA,1938,0.08
Uganda,UGA,1950,0.11
Uganda,UGA,1955,0.12
Uganda,UGA,1960,0.13
Uganda,UGA,1965,0.14
Uganda,UGA,1970,0.15
Uganda,UGA,1975,0.16
Uganda,UGA,1980,0.16
Uganda,UGA,1985,0.17
Uganda,UGA,1990,0.17
Uganda,UGA,1995,0.17
Uganda,UGA,2000,0.22
Uganda,UGA,2005,0.25
Uganda,UGA,2007,0.25
Uganda,UGA,2010,0.27
Uganda,UGA,2015,0.28
Ukraine,UKR,1980,0.5
Ukraine,UKR,1985,0.52
Ukraine,UKR,1990,0.52
Ukraine,UKR,1995,0.47
Ukraine,UKR,2000,0.48
Ukraine,UKR,2005,0.52
Ukraine,UKR,2007,0.54
Ukraine,UKR,2010,0.54
Ukraine,UKR,2015,0.56
United Arab Emirates,ARE,1950,0.12
United Arab Emirates,ARE,1955,0.15
United Arab Emirates,ARE,1960,0.18
United Arab Emirates,ARE,1965,0.25
United Arab Emirates,ARE,1970,0.29
United Arab Emirates,ARE,1975,0.32
United Arab Emirates,ARE,1980,0.36
United Arab Emirates,ARE,1985,0.4
United Arab Emirates,ARE,1990,0.43
United Arab Emirates,ARE,1995,0.45
United Arab Emirates,ARE,2000,0.46
United Arab Emirates,ARE,2005,0.51
United Arab Emirates,ARE,2007,0.53
United Arab Emirates,ARE,2010,0.57
United Arab Emirates,ARE,2015,0.59
United Kingdom,GBR,1870,0.21
United Kingdom,GBR,1880,0.23
United Kingdom,GBR,1890,0.26
United Kingdom,GBR,1900,0.28
United Kingdom,GBR,1913,0.33
United Kingdom,GBR,1925,0.36
United Kingdom,GBR,1929,0.37
United Kingdom,GBR,1933,0.37
United Kingdom,GBR,1938,0.39
United Kingdom,GBR,1950,0.46
United Kingdom,GBR,1955,0.49
United Kingdom,GBR,1960,0.5
United Kingdom,GBR,1965,0.5
United Kingdom,GBR,1970,0.53
United Kingdom,GBR,1975,0.54
United Kingdom,GBR,1980,0.56
United Kingdom,GBR,1985,0.56
United Kingdom,GBR,1990,0.58
United Kingdom,GBR,1995,0.61
United Kingdom,GBR,2000,0.68
United Kingdom,GBR,2005,0.72
United Kingdom,GBR,2007,0.71
United Kingdom,GBR,2010,0.72
United Kingdom,GBR,2015,0.76
United States,USA,1870,0.23
United States,USA,1880,0.22
United States,USA,1890,0.26
United States,USA,1900,0.29
United States,USA,1913,0.31
United States,USA,1925,0.37
United States,USA,1929,0.38
United States,USA,1933,0.38
United States,USA,1938,0.42
United States,USA,1950,0.47
United States,USA,1955,0.49
United States,USA,1960,0.51
United States,USA,1965,0.55
United States,USA,1970,0.55
United States,USA,1975,0.57
United States,USA,1980,0.59
United States,USA,1985,0.62
United States,USA,1990,0.64
United States,USA,1995,0.69
United States,USA,2000,0.72
United States,USA,2005,0.74
United States,USA,2007,0.75
United States,USA,2010,0.77
United States,USA,2015,0.78
Uruguay,URY,1880,0.14
Uruguay,URY,1890,0.16
Uruguay,URY,1900,0.18
Uruguay,URY,1913,0.22
Uruguay,URY,1925,0.24
Uruguay,URY,1929,0.26
Uruguay,URY,1933,0.26
Uruguay,URY,1938,0.29
Uruguay,URY,1950,0.35
Uruguay,URY,1955,0.37
Uruguay,URY,1960,0.39
Uruguay,URY,1965,0.4
Uruguay,URY,1970,0.44
Uruguay,URY,1975,0.44
Uruguay,URY,1980,0.46
Uruguay,URY,1985,0.47
Uruguay,URY,1990,0.5
Uruguay,URY,1995,0.52
Uruguay,URY,2000,0.55
Uruguay,URY,2005,0.6
Uruguay,URY,2007,0.62
Uruguay,URY,2010,0.63
Uruguay,URY,2015,0.66
Uzbekistan,UZB,1990,0.47
Uzbekistan,UZB,1995,0.45
Uzbekistan,UZB,2000,0.45
Uzbekistan,UZB,2005,0.47
Uzbekistan,UZB,2007,0.47
Uzbekistan,UZB,2010,0.48
Uzbekistan,UZB,2015,0.51
Venezuela,VEN,1870,0.04
Venezuela,VEN,1880,0.06
Venezuela,VEN,1890,0.07
Venezuela,VEN,1900,0.07
Venezuela,VEN,1913,0.08
Venezuela,VEN,1925,0.09
Venezuela,VEN,1929,0.1
Venezuela,VEN,1933,0.11
Venezuela,VEN,1938,0.13
Venezuela,VEN,1950,0.23
Venezuela,VEN,1955,0.25
Venezuela,VEN,1960,0.3
Venezuela,VEN,1965,0.33
Venezuela,VEN,1970,0.36
Venezuela,VEN,1975,0.38
Venezuela,VEN,1980,0.41
Venezuela,VEN,1985,0.43
Venezuela,VEN,1990,0.45
Venezuela,VEN,1995,0.47
Venezuela,VEN,2000,0.47
Venezuela,VEN,2005,0.5
Venezuela,VEN,2007,0.55
Venezuela,VEN,2010,0.56
Venezuela,VEN,2015,0.56
Vietnam,VNM,1870,0.02
Vietnam,VNM,1913,0.03
Vietnam,VNM,1950,0.09
Vietnam,VNM,1955,0.14
Vietnam,VNM,1960,0.15
Vietnam,VNM,1965,0.17
Vietnam,VNM,1970,0.23
Vietnam,VNM,1975,0.25
Vietnam,VNM,1980,0.27
Vietnam,VNM,1985,0.29
Vietnam,VNM,1990,0.31
Vietnam,VNM,1995,0.36
Vietnam,VNM,2000,0.39
Vietnam,VNM,2005,0.43
Vietnam,VNM,2007,0.43
Vietnam,VNM,2010,0.45
Vietnam,VNM,2015,0.48
Yemen,YEM,1990,0.21
Yemen,YEM,1995,0.24
Yemen,YEM,2000,0.26
Yemen,YEM,2005,0.28
Yemen,YEM,2007,0.3
Yemen,YEM,2010,0.32
Yemen,YEM,2015,0.3
Zambia,ZMB,1870,0.02
Zambia,ZMB,1880,0.02
Zambia,ZMB,1890,0.02
Zambia,ZMB,1900,0.02
Zambia,ZMB,1913,0.03
Zambia,ZMB,1925,0.05
Zambia,ZMB,1929,0.07
Zambia,ZMB,1933,0.09
Zambia,ZMB,1938,0.1
Zambia,ZMB,1950,0.11
Zambia,ZMB,1955,0.13
Zambia,ZMB,1960,0.15
Zambia,ZMB,1965,0.17
Zambia,ZMB,1970,0.19
Zambia,ZMB,1975,0.2
Zambia,ZMB,1980,0.21
Zambia,ZMB,1985,0.21
Zambia,ZMB,1990,0.22
Zambia,ZMB,1995,0.2
Zambia,ZMB,2000,0.18
Zambia,ZMB,2005,0.22
Zambia,ZMB,2007,0.21
Zambia,ZMB,2010,0.24
Zambia,ZMB,2015,0.31
Zimbabwe,ZWE,1870,0.02
Zimbabwe,ZWE,1880,0.02
Zimbabwe,ZWE,1890,0.02
Zimbabwe,ZWE,1900,0.02
Zimbabwe,ZWE,1913,0.04
Zimbabwe,ZWE,1925,0.07
Zimbabwe,ZWE,1929,0.07
Zimbabwe,ZWE,1933,0.07
Zimbabwe,ZWE,1938,0.09
Zimbabwe,ZWE,1950,0.13
Zimbabwe,ZWE,1955,0.15
Zimbabwe,ZWE,1960,0.17
Zimbabwe,ZWE,1965,0.18
Zimbabwe,ZWE,1970,0.2
Zimbabwe,ZWE,1975,0.22
Zimbabwe,ZWE,1980,0.24
Zimbabwe,ZWE,1985,0.3
Zimbabwe,ZWE,1990,0.31
Zimbabwe,ZWE,1995,0.28
Zimbabwe,ZWE,2000,0.24
Zimbabwe,ZWE,2005,0.22
Zimbabwe,ZWE,2007,0.23
Zimbabwe,ZWE,2010,0.23
Zimbabwe,ZWE,2015,0.29